ciudad,cve_ent,year,Porcentaje de vivienda con disposición adecuada de residuos,Existencia de aprovechamiento o quema de biogás en rellenos sanitarios,Porcentaje de las vivienda que regalan o venta de residuos reciclables,Porcentaje de las viviendas que realizan separación básica de residuos,Índice de disponibilidad de acuíferos,Consumo de agua (Metros cúbicos per cápita),Índice de calidad del agua superficial,Capacidad de tratamiento de agua en operación,Número de emergencias ambientales reportadas,Índice de Resiliencia a desastres naturales,Número de declaratorias de desastre en los últimos tres años ,Intensidad energética en la economía  (KWh al año por cada millón de PIB),Porcentaje de viviendas que cuentan con electricidad o boiler,"Número de empresas certificadas como ""limpia"" (de cada mil)",Índice de gestión de calidad del aire,Porcentaje de hogares con Agua surtida por pipas,Áreas verdes urbanas per cápita (m2 por habitante),Viviendas intraurbanas (porcentaje de las viviendas vigentes),Viviendas deshabitadas (porcentaje de las viviendas vigentes),Crecimiento de la mancha urbana (Tasa promedio de crecimiento anual),"Sistema de transporte masivo (no hay,  aprobado, en construcción, listo)",Red carretera avanzada (porcentaje del total de la red),Número de aerolineas que operan en ele aeropuerto,Número de líneas de autobús,Porcentaje de fondos federales para movilidad (transporte no motorizado),Porcentaje de las personas que viajan a la escuela o el trabajo en automóvil particular ,Porcentaje de personas que llegan a la escuela o al trabajo en menos de 30 minutos 
Aguascalientes,Aguascalientes,2008,1,1,0.65,0.5,2,112.77,3.33,3.36,3,100,7,14834.58,0.16,0.98,2,0,4.8,0.35,0.2,0,0,0.83,13,9,0.01,0.35,0.81
Ensenada,Baja California,2008,0.92,0,0.49,0.27,2.11,121.35,3,1.11,1,100,0,32168.28,0.04,0.18,4,0.06,0.94,0.36,0.23,0,2,0.42,0,5,0,0.42,0.83
Mexicali,Baja California,2008,0.97,0,0.42,0.18,2.02,36.24,2.67,2.22,0,100,0,33180.42,0.01,0.77,6,0,1.78,0.4,0.23,0.01,0,0.26,4,7,0.02,0.57,0.81
Tijuana,Baja California,2008,0.97,0,0.44,0.24,2.13,106.79,3,1.56,1,100,3,20273.39,0.04,0.57,6,0.01,1.16,0.24,0.24,0,0,0.46,9,10,0.02,0.4,0.73
La Paz,Baja California Sur,2008,0.97,0,0.36,0.21,2.08,90.14,2,1.51,4,100,3,37350.07,0.02,0.86,1,0.02,0.29,0.12,0.2,0.02,2,0.41,7,2,0.67,0.56,0.85
Los Cabos,Baja California Sur,2008,0.94,0,0.41,0.24,2.01,108.25,3,1.37,1,100,1,30928.63,0.03,0,0,0.01,0.85,0.43,0.27,0.02,2,0.39,22,2,0,0.39,0.79
Campeche,Campeche,2008,0.93,0,0.59,0.4,3,303.59,4.67,0.13,0,100,1,32802.6,0,0.32,1,0,0.22,0.77,0.16,0.01,2,0.81,4,3,0,0.34,0.76
Ciudad del Carmen,Campeche,2008,0.89,0,0.41,0.34,3.01,116.79,4.67,0.07,2,75,1,12635.05,0.02,4.35,0,0.01,0.27,0.9,0.18,0.01,2,0.67,6,3,0,0.31,0.84
Saltillo,Coahuila,2008,0.97,0,0.54,0.32,2.03,5.06,4,0.48,4,91.67,0,13036.93,0.02,1.06,3,0,3.81,0.49,0.18,0,0,0.26,6,0,0,0.36,0.76
Monclova-Frontera,Coahuila,2008,0.99,0,0.4,0.21,2.16,156.96,4.33,1.49,0,100,0,29053.89,0.01,0.74,3,0,2.24,0.98,0.12,0,2,0.41,0,0,0,0.41,0.85
La Laguna,Coahuila,2008,0.93,0,0.64,0.44,2,118.89,4.33,1.75,2,100,3,12431.05,0.01,0.93,5.5,0,2.61,0.64,0.22,0,0,0.54,10,3,0.01,0.32,0.83
Piedras Negras,Coahuila,2008,0.99,0,0.41,0.21,3,79.75,3.67,2.16,0,100,0,46406.63,0.01,1.39,3,0,1.54,0.48,0.21,0,2,0.63,3,0,0.02,0.42,0.84
Tecomán,Colima,2008,0.94,0,0.42,0.19,3,139.03,3.67,0.37,1,75,2,35179.56,0,2.42,1,0,0.49,0.88,0.17,0.01,2,0.72,0,0,0.02,0.23,0.87
Colima-Villa de Álvarez,Colima,2008,0.99,0,0.62,0.36,2.48,127.27,4.33,1.85,3,95,0,37090.56,0.05,0.68,1.4,0,2.56,0.47,0.22,0.01,2,0.57,4,3,0.05,0.41,0.86
Manzanillo,Colima,2008,0.95,0,0.47,0.28,2.89,8.32,4.33,2.13,0,100,0,58762.93,0.01,0.97,1,0,0.4,0.49,0.25,0.02,2,0.76,10,3,0,0.29,0.82
Tuxtla Gutiérrez,Chiapas,2008,0.96,0,0.46,0.41,3.43,96.75,3.33,1.21,2,75,0,25494.88,0.01,0.37,2.67,0.11,1.19,0.3,0.16,0,0,0.51,9,3,0,0.21,0.73
Tapachula,Chiapas,2008,0.74,0,0.56,0.42,3,59.04,3.33,0.66,1,75,0,40816.79,0,0,2,0,0.09,0.26,0.17,0.01,2,0.36,2,3,0.02,0.14,0.85
Chihuahua,Chihuahua,2008,0.99,0,0.5,0.24,2.25,215.6,3.33,2.68,6,100,5,20634.11,0.02,1.86,2.33,0,2.18,0.27,0.21,0.01,0,0.65,15,6,0.04,0.51,0.79
Juárez,Chihuahua,2008,1,1,0.44,0.23,2.09,100.16,3,2.15,1,100,2,25719.63,0.02,2.76,3,0.02,2.01,0.74,0.25,0,0,0.45,6,6,0,0.39,0.73
Valle de México,Ciudad de México,2008,0.99,1,0.47,0.64,2.05,101.2,2,0.35,15,94.08,2,5547.46,0.03,0.55,11.96,0.02,1.43,0.41,0.14,0,3,0.88,28,33,0.12,0.19,0.59
Durango,Durango,2008,0.97,1,0.48,0.35,2.28,118.68,3.33,2.97,0,100,2,25514.86,0.1,0.99,4,0,1.75,0.36,0.18,0.02,0,0.4,7,2,0.01,0.32,0.84
Celaya,Guanajuato,2008,0.98,0,0.6,0.36,2,96.88,1.67,0.04,5,91.67,0,31935.14,0.08,0.36,7.33,0,0.55,0.27,0.2,0.01,0,0.43,0,5,0,0.26,0.81
Guanajuato,Guanajuato,2008,0.88,0,0.56,0.37,2,139.72,2.67,7.25,3,100,0,57441.64,0.05,0,10,0,0.44,0.75,0.17,0.01,2,0.59,0,4,0,0.16,0.74
Irapuato,Guanajuato,2008,0.95,0,0.62,0.42,2,108.84,2.67,2.09,7,100,0,35544.03,0.06,0,11,0.01,0.04,0.65,0.17,0.01,0,0.36,0,2,0,0.26,0.8
León,Guanajuato,2008,0.99,0,0.64,0.5,2,159.38,2,1.08,1,75,0,22393.2,0.08,0.3,11,0.01,1.15,0.35,0.17,0.01,3,0.39,15,7,0,0.28,0.74
La Piedad-Pénjamo,Guanajuato,2008,0.91,0,0.6,0.39,2,53.76,3.33,0.87,2,87.5,0,29813.74,0.11,0,2.5,0,0.34,0.35,0.24,0,2,0.32,0,1,0,0.24,0.86
San Francisco del Rincón,Guanajuato,2008,0.97,0,0.68,0.43,2,65.63,1.67,0.13,0,100,0,37484.35,0.12,0,6.5,0.02,0.3,0.48,0.2,0.01,2,0.32,0,0,0.01,0.25,0.89
Acapulco,Guerrero,2008,0.8,0,0.52,0.33,3.04,194.4,3.67,1.13,0,62.5,0,33250.54,0,0.61,3,0.01,0.3,0.37,0.29,0,0,0.34,18,8,0,0.11,0.69
Chilpancingo,Guerrero,2008,0.87,0,0.46,0.33,3.1,39.4,3.33,0,0,75,0,28032.11,0.01,0.79,4,0.08,0.07,0.1,0.19,0,2,0.26,0,2,0.01,0.15,0.85
Tula,Hidalgo,2008,0.94,0,0.63,0.45,2.48,89.79,1.67,0,4,100,2,24572.88,0.09,3.31,4,0.04,0.3,0.01,0.23,0,2,0.8,0,4,0,0.21,0.8
Tulancingo,Hidalgo,2008,0.96,0,0.59,0.43,2.22,48.85,3.67,0.05,0,91.67,2,32909.37,0.06,0.51,2,0.03,0.16,0.47,0.23,0,2,0.41,0,2,0.05,0.19,0.8
Pachuca,Hidalgo,2008,0.96,0,0.51,0.4,2.07,39.68,2.33,0.01,1,100,1,27373.94,0.07,0,4,0.01,1.34,0.13,0.31,0,0,0.45,0,4,0,0.27,0.77
Guadalajara,Jalisco,2008,1,0,0.49,0.4,2.06,34.9,3,0.08,3,96.88,0,13912.77,0.08,1.66,11,0.03,1.47,0.21,0.19,0.01,2,0.92,21,18,0.05,0.29,0.68
Puerto Vallarta,Jalisco,2008,0.99,0,0.46,0.35,3,135.65,3.67,2.8,1,100,0,39683.46,0.01,0.36,3,0,0.45,0.17,0.29,0.01,2,0.68,20,8,0,0.25,0.78
Toluca,Mexico,2008,0.9,0,0.65,0.59,2,61.82,2.67,1.02,3,90,0,7261.84,0.04,2.79,11,0.03,1.26,0.31,0.17,0.01,0,0.81,7,10,0.03,0.21,0.69
Zamora-Jacona,Michoacan,2008,0.99,0,0.62,0.33,2,34.18,4.33,0.97,1,100,0,23536.62,0.1,0.36,1,0,0.34,0.13,0.22,0.01,2,0.84,0,1,0,0.26,0.86
Morelia,Michoacan,2008,0.96,0,0.58,0.48,2.12,121.07,3,1.16,2,91.67,0,19061.79,0.13,0.23,2.67,0.01,1.89,0.21,0.27,0,0,0.66,10,9,0.02,0.27,0.72
Uruapan,Michoacan,2008,0.98,0,0.52,0.36,3.14,90.15,3.67,1.39,0,75,0,22557.28,0.06,0.3,1,0,1.53,0.1,0.16,0,2,0.82,1,2,0,0.27,0.82
Cuautla,Morelos,2008,0.94,0,0.67,0.45,2,95.44,3,1.59,1,83.33,0,31320.07,0.02,1.53,4,0.05,0.05,0.27,0.3,0,2,1,0,1,0,0.17,0.79
Cuernavaca,Morelos,2008,0.96,1,0.68,0.51,2.06,213.24,3,0.56,4,93.75,0,17260.26,0.02,1.33,4.13,0.03,0.73,0.27,0.28,0,0,1,0,10,0.04,0.24,0.72
Tepic,Nayarit,2008,0.96,0,0.55,0.31,3,121.22,3.67,1.52,0,100,0,20999.46,0.04,0.3,4,0,0.21,0.24,0.2,0,2,0.44,3,2,0.03,0.3,0.82
Monterrey,Nuevo Leon,2008,0.99,1,0.45,0.24,2.02,42.16,3.67,1.44,7,96.15,4,17448.64,0.01,1.12,9,0.01,3.16,0.32,0.19,0.01,3,0.74,19,13,0.01,0.37,0.65
Oaxaca,Oaxaca,2008,0.97,0,0.62,0.59,3,80.37,2.33,0.64,1,89.77,0,21478.33,0.02,0.54,1.18,0.06,0.27,0.11,0.2,0,0,0,10,2,0.01,0.2,0.74
Tehuantepec-Salina Cruz,Oaxaca,2008,0.73,0,0.53,0.42,3,2.09,3.33,0.85,6,66.67,10,58932.33,0,3.28,1,0.01,0.02,0.46,0.19,0,2,0,0,1,0,0.13,0.87
Puebla-Tlaxcala,Puebla,2008,0.96,1,0.66,0.51,2.88,60.41,2.33,0.42,1,87.18,4,15757.37,0.04,1.55,4.46,0.04,0.64,0.45,0.19,0,0,0.59,8,4,0.01,0.19,0.7
Tehuacán,Puebla,2008,0.93,0,0.64,0.48,3,57.85,3.33,0.01,0,75,0,14583.29,0.03,0,4,0.03,0.27,0.57,0.19,0,2,0,0,0,0,0.13,0.86
Querétaro,Queretaro,2008,0.99,0,0.58,0.47,2.02,90.36,1.67,0.7,6,87.5,0,12382.33,0.07,1.32,5,0.01,1.28,0.21,0.21,0,0,0.65,7,16,0.01,0.36,0.74
San Juan del Río,Queretaro,2008,0.98,0,0.68,0.46,2,105.43,3,0.5,1,100,0,17030.41,0.06,1.51,2,0.01,0.7,0.51,0.22,0,2,0.55,0,4,0.07,0.24,0.78
Cancún,Quintana Roo,2008,0.95,1,0.52,0.41,3,6.73,4.67,1.91,0,87.5,0,31336.18,0.01,0.14,4,0,2.15,0.3,0.23,0.01,0,0.98,41,1,0.05,0.27,0.7
Chetumal ,Quintana Roo,2008,0.84,0,0.49,0.44,3.09,252.4,4.33,0.41,0,75,1,73955.45,0.02,0,4,0,0.2,0.25,0.17,0.01,2,0.34,2,2,0,0.39,0.9
Rioverde-Ciudad Fernández,San Luis Potosi,2008,0.76,0,0.64,0.43,3.06,75.22,4.67,0,1,75,0,53949.41,0.02,0,1,0,0.22,0.09,0.21,0,2,0.49,0,0,0.05,0.22,0.93
San Luis Potosí-Soledad,San Luis Potosi,2008,0.98,0,0.53,0.4,2.02,94.92,4.33,1.46,2,100,0,19308.99,0.06,1.21,3,0,3.01,0.43,0.19,0.01,0,0.93,13,15,0,0.35,0.77
Los Mochis,Sinaloa,2008,0.95,0,0.38,0.21,3,135.13,4.67,1.72,1,100,5,34989.02,0.01,0.48,0,0,0.92,0.39,0.21,0.01,2,0,3,2,0,0.39,0.85
Culiacán,Sinaloa,2008,0.96,1,0.32,0.19,2.44,194.8,4.67,2.38,1,100,0,35099.11,0.01,0.27,1,0.01,1.32,0.32,0.22,0.01,0,0,8,2,0.04,0.42,0.81
Mazatlán,Sinaloa,2008,0.97,0,0.43,0.27,3,352.67,4,2.37,1,100,0,29627.16,0.01,1.19,0,0.01,0.78,0.43,0.22,0.01,2,0,13,4,0,0.3,0.81
Ciudad Obregón ,Sonora,2008,0.96,0,0.37,0.21,2.02,253.96,2.67,1.31,1,100,3,32472.13,0.01,0.29,1,0,0.23,0.44,0.21,0.01,2,0,5,4,0,0.36,0.85
Guaymas,Sonora,2008,0.87,0,0.35,0.23,2,76.18,3,2.21,0,100,6,38826.66,0.01,1.06,1,0.03,0.02,0.31,0.22,0.01,2,0,1,7,0,0.32,0.83
Hermosillo,Sonora,2008,0.98,0,0.41,0.24,2.08,810.15,4.33,0.3,2,100,0,18207.68,0.01,0.65,1,0.01,0.12,0.39,0.21,0.01,0,0,12,7,0,0.51,0.82
Cárdenas,Tabasco,2008,0.49,0,0.45,0.32,3.78,93.15,4,1.18,9,75,2,1511.92,0,0.81,2,0,0.23,0.15,0.12,0,2,0.38,0,0,0.13,0.15,0.82
Villahermosa,Tabasco,2008,0.93,0,0.29,0.26,4,102.68,4,0.47,1,75,4,11738.31,0.01,0.64,2.5,0.01,0.18,0.12,0.17,0,0,0.71,15,3,0.07,0.25,0.71
Tampico-Pánuco,Tamaulipas,2008,0.91,0,0.35,0.27,3.67,98.47,4.33,1.64,18,85,14,23879.66,0.01,0.87,1.2,0,0.79,0.48,0.2,0,0,0.79,11,6,0.01,0.24,0.77
Matamoros,Tamaulipas,2008,0.92,0,0.39,0.2,3,101.53,3.67,0.33,3,100,2,38548.59,0.01,34.88,1,0,0.97,0.72,0.24,0,2,0.75,4,0,0.02,0.41,0.78
Nuevo Laredo,Tamaulipas,2008,1,0,0.5,0.27,3.12,96.92,4,2.79,2,100,1,42434.69,0.03,0.23,1,0,1.12,0.61,0.23,0,2,0.73,3,5,0.01,0.52,0.82
Reynosa-Río Bravo,Tamaulipas,2008,0.96,0,0.36,0.21,3,88.96,3.67,1.04,15,100,4,19924.68,0.01,6.74,1,0,1.19,0.48,0.26,0.01,0,0.54,6,2,0,0.35,0.77
Ciudad Victoria,Tamaulipas,2008,0.97,0,0.43,0.21,2.17,29.02,4.33,2.3,4,100,0,33780.31,0.01,0,1,0.01,1.12,0.39,0.16,0.01,2,0.68,2,2,0,0.49,0.86
Tlaxcala-Apizaco,Tlaxcala,2008,0.98,0,0.6,0.53,3,82.01,2.33,0.97,0,90.79,0,34410.34,0.06,3.03,2.11,0,0.35,0.89,0.21,0,2,0.71,0,0,0.01,0.17,0.79
Veracruz,Veracruz,2008,0.95,0,0.51,0.39,3,107.89,3.67,1.72,3,90,15,28429.64,0.01,1.33,1.2,0,0.47,0.13,0.26,0.02,0,0.85,17,1,0,0.24,0.73
Córdoba,Veracruz,2008,0.96,0,0.59,0.5,2.89,24.22,3.67,0.23,0,81.25,2,12976.7,0.02,0.61,1,0,0.21,0.31,0.15,0,2,0.91,0,0,0.07,0.17,0.81
Orizaba,Veracruz,2008,0.91,0,0.62,0.59,2.31,114.08,3.33,1.86,3,72.92,5,20772.59,0.02,1.27,1.08,0,0.3,0.28,0.14,0,2,0.85,0,5,0.02,0.13,0.8
Xalapa,Veracruz,2008,0.98,0,0.5,0.5,3.05,98.13,4,0.05,0,89.29,10,16324.13,0.01,0.18,1.29,0,0.63,0.26,0.18,0,0,0.94,2,0,0.04,0.22,0.75
Poza Rica,Veracruz,2008,0.75,0,0.58,0.42,3,76.08,4.33,0.08,15,65,4,24930.72,0.01,7.72,1.2,0.04,0.12,0.01,0.12,0,0,0.92,5,0,0.06,0.17,0.8
Coatzacoalcos,Veracruz,2008,0.98,0,0.38,0.32,3.02,10.02,3.67,0.51,6,91.67,3,9754.39,0.01,0.87,1,0,0.2,0.05,0.2,0,2,1,0,0,0.05,0.17,0.76
Mérida,Yucatan,2008,0.93,1,0.68,0.68,3,184.24,4.67,0.05,1,90,0,21019.52,0.01,0.36,0.4,0,5.12,0.32,0.21,0.01,0,0.51,16,2,0.07,0.37,0.72
Zacatecas-Guadalupe,Zacatecas,2008,0.99,0,0.52,0.41,2,96.41,3,0.38,1,100,2,33895.25,0.18,0.22,3,0,1.9,0.21,0.21,0.01,2,0.76,7,1,0.04,0.4,0.84
Aguascalientes,Aguascalientes,2009,1,1,0.65,0.5,2,110.29,3.33,3.33,7,100,14,15438.45,0.16,0.98,2,0,4.8,0.35,0.2,0,0,0.66,13,9,0.01,0.35,0.81
Ensenada,Baja California,2009,0.92,0,0.49,0.27,2.11,128.65,3,1.33,0,100,0,33834.26,0.04,0.18,4,0.06,0.94,0.36,0.23,0,2,0.43,0,5,0,0.42,0.83
Mexicali,Baja California,2009,0.97,0,0.42,0.18,2.02,35.33,2.67,2.24,0,100,0,51779.39,0.01,0.89,6,0,1.78,0.4,0.23,0.01,0,0.29,4,7,0.02,0.57,0.81
Tijuana,Baja California,2009,0.97,0,0.44,0.24,2.13,55.12,3,1.63,3,100,6,25039.74,0.04,0.59,6,0.01,1.16,0.24,0.24,0,0,0.46,9,10,0.02,0.4,0.73
La Paz,Baja California Sur,2009,0.97,0,0.36,0.21,2.08,87.7,2,1.83,8,100,11,45443.7,0.02,0.87,1,0.02,0.29,0.12,0.2,0.02,2,0.41,7,2,0.67,0.56,0.85
Los Cabos,Baja California Sur,2009,0.94,0,0.41,0.24,2.01,100.46,3,1.59,6,100,7,37097.55,0.03,0,0,0.01,0.85,0.43,0.27,0.02,2,0.39,22,2,0,0.39,0.79
Campeche,Campeche,2009,0.93,0,0.59,0.4,3,343.28,4.67,0.24,3,100,4,28327.15,0,0.31,1,0,0.22,0.77,0.16,0.01,2,0.81,4,3,0,0.34,0.76
Ciudad del Carmen,Campeche,2009,0.89,0,0.41,0.34,3.01,114.48,4.67,0.1,4,75,5,15282.45,0.02,4.21,0,0.01,0.27,0.9,0.18,0.01,2,0.67,6,3,0,0.31,0.84
Saltillo,Coahuila,2009,0.97,0,0.54,0.32,2.03,4.94,4,2.7,0,91.67,0,12539.98,0.02,1.09,3,0,3.81,0.49,0.18,0,0,0,6,0,0,0.36,0.76
Monclova-Frontera,Coahuila,2009,0.99,0,0.4,0.21,2.16,154.6,4.33,1.47,0,100,0,41201.35,0.01,0.74,3,0,2.24,0.98,0.12,0,2,0,0,0,0,0.41,0.85
La Laguna,Coahuila,2009,0.93,0,0.64,0.44,2,117.01,4.33,1.94,3,100,6,15318.09,0.01,0.97,5.5,0,2.61,0.64,0.22,0,0,0.54,10,3,0.01,0.32,0.83
Piedras Negras,Coahuila,2009,0.99,0,0.41,0.21,3,78.76,3.67,2.13,1,100,1,24764.39,0.01,1.41,3,0,1.54,0.48,0.21,0,2,0,3,0,0.02,0.42,0.84
Tecomán,Colima,2009,0.94,0,0.42,0.19,3,135.22,3.67,0.41,5,75,7,40941.23,0,2.41,1,0,0.49,0.88,0.17,0.01,2,0.75,0,0,0.02,0.23,0.87
Colima-Villa de Álvarez,Colima,2009,0.99,0,0.62,0.36,2.48,193.87,4.33,2.23,0,95,0,39541.73,0.05,0.68,1.4,0,2.56,0.47,0.22,0.01,2,0.62,4,3,0.05,0.41,0.86
Manzanillo,Colima,2009,0.95,0,0.47,0.28,2.89,8.06,4.33,2.05,0,100,0,56218.97,0.01,0.95,1,0,0.4,0.49,0.25,0.02,2,0.75,10,3,0,0.29,0.82
Tuxtla Gutiérrez,Chiapas,2009,0.96,0,0.46,0.41,3.43,94.66,3.33,1.03,9,75,9,27325.44,0.01,0.36,2.67,0.11,1.19,0.3,0.16,0,0,0.51,9,3,0,0.21,0.73
Tapachula,Chiapas,2009,0.74,0,0.56,0.42,3,57.22,3.33,0.07,6,75,6,33794.84,0,0,2,0,0.09,0.26,0.17,0.01,2,0.38,2,3,0.02,0.14,0.85
Chihuahua,Chihuahua,2009,0.99,0,0.5,0.24,2.25,212.04,3.33,2.72,7,100,12,25452.36,0.02,1.86,2.33,0,2.18,0.27,0.21,0.01,0,0.71,15,6,0.04,0.51,0.79
Juárez,Chihuahua,2009,1,1,0.44,0.23,2.09,99.88,3,1.92,4,100,6,30480.94,0.02,3.02,3,0.02,2.01,0.74,0.25,0,0,0.48,6,6,0,0.39,0.73
Valle de México,Ciudad de México,2009,0.99,1,0.47,0.64,2.05,100.39,2,0.29,7,94.08,9,6357.92,0.03,0.57,11.96,0.02,1.43,0.41,0.14,0,3,0.63,28,33,0.12,0.19,0.59
Durango,Durango,2009,0.97,1,0.48,0.35,2.28,116.69,3.33,3.56,3,100,5,27351.87,0.1,0.99,4,0,1.75,0.36,0.18,0.02,0,0.43,7,2,0.01,0.32,0.84
Celaya,Guanajuato,2009,0.98,0,0.6,0.36,2,94.65,1.67,0.04,2,91.67,2,33750.9,0.08,0.36,7.33,0,0.55,0.27,0.2,0.01,0,0.43,0,5,0,0.26,0.81
Guanajuato,Guanajuato,2009,0.88,0,0.56,0.37,2,136.6,2.67,7.39,0,100,0,53844.81,0.05,0,10,0,0.44,0.75,0.17,0.01,2,0.59,0,4,0,0.16,0.74
Irapuato,Guanajuato,2009,0.95,0,0.62,0.42,2,105.96,2.67,2.13,0,100,0,26957.22,0.06,0,11,0.01,0.04,0.65,0.17,0.01,0,0.39,0,2,0,0.26,0.8
León,Guanajuato,2009,0.99,0,0.64,0.5,2,155.67,2,1.07,4,75,4,19091.18,0.08,0.31,11,0.01,1.15,0.35,0.17,0.01,3,0.39,15,7,0,0.28,0.74
La Piedad-Pénjamo,Guanajuato,2009,0.91,0,0.6,0.39,2,52.86,3.33,0.86,4,87.5,4,25871.65,0.11,0,2.5,0,0.34,0.35,0.24,0,2,0.29,0,1,0,0.24,0.86
San Francisco del Rincón,Guanajuato,2009,0.97,0,0.68,0.43,2,63.86,1.67,0,2,100,2,28835.28,0.12,0,6.5,0.02,0.3,0.48,0.2,0.01,2,0.32,0,0,0.01,0.25,0.89
Acapulco,Guerrero,2009,0.8,0,0.52,0.33,3.04,190.82,3.67,2.31,8,62.5,8,46495.6,0,0.61,3,0.01,0.3,0.37,0.29,0,0,0.33,18,8,0,0.11,0.69
Chilpancingo,Guerrero,2009,0.87,0,0.46,0.33,3.1,38.46,3.33,0,1,75,1,28580.53,0.01,0.78,4,0.08,0.07,0.1,0.19,0,2,0.26,0,2,0.01,0.15,0.85
Tula,Hidalgo,2009,0.94,0,0.63,0.45,2.48,87.86,1.67,0,3,100,5,34191.13,0.09,3.24,4,0.04,0.3,0.01,0.23,0,2,0.82,0,4,0,0.21,0.8
Tulancingo,Hidalgo,2009,0.96,0,0.59,0.43,2.22,47.34,3.67,0.05,1,91.67,15,40779.85,0.06,0.51,2,0.03,0.16,0.47,0.23,0,2,0.42,0,2,0.05,0.19,0.8
Pachuca,Hidalgo,2009,0.96,0,0.51,0.4,2.07,38.37,2.33,0.02,7,100,8,31860.57,0.07,0,4,0.01,1.34,0.13,0.31,0,0,0.45,0,4,0,0.27,0.77
Guadalajara,Jalisco,2009,1,0,0.49,0.4,2.06,34.8,3,0.08,0,96.88,0,15609.37,0.08,1.67,11,0.03,1.47,0.21,0.19,0.01,3,0.92,21,18,0.05,0.29,0.68
Puerto Vallarta,Jalisco,2009,0.99,0,0.46,0.35,3,129.15,3.67,3.06,0,100,0,42210.47,0.01,0.36,3,0,0.45,0.17,0.29,0.01,2,0.76,20,8,0,0.25,0.78
Toluca,Mexico,2009,0.9,0,0.65,0.59,2,60.5,2.67,0.67,0,90,0,7312.49,0.04,2.84,11,0.03,1.26,0.31,0.17,0.01,0,0.5,7,10,0.03,0.21,0.69
Zamora-Jacona,Michoacan,2009,0.99,0,0.62,0.33,2,34.35,4.33,1.13,1,100,1,20498.74,0.1,0.35,1,0,0.34,0.13,0.22,0.01,2,0.85,0,1,0,0.26,0.86
Morelia,Michoacan,2009,0.96,0,0.58,0.48,2.12,118.89,3,1.16,2,91.67,2,21699.4,0.13,0.23,2.67,0.01,1.89,0.21,0.27,0,0,0.66,10,9,0.02,0.27,0.72
Uruapan,Michoacan,2009,0.98,0,0.52,0.36,3.14,89.12,3.67,1.36,0,75,0,24956.66,0.06,0.29,1,0,1.53,0.1,0.16,0,2,0.82,1,2,0,0.27,0.82
Cuautla,Morelos,2009,0.94,0,0.67,0.45,2,93.45,3,1.69,0,83.33,0,25546.75,0.02,1.51,4,0.05,0.05,0.27,0.3,0,2,0.69,0,1,0,0.17,0.79
Cuernavaca,Morelos,2009,0.96,1,0.68,0.51,2.06,215.29,3,0.67,0,93.75,0,15525.1,0.02,1.33,4.13,0.03,0.73,0.27,0.28,0,0,0.89,0,10,0.04,0.24,0.72
Tepic,Nayarit,2009,0.96,0,0.55,0.31,3,118.25,3.67,1.86,1,100,1,19255.46,0.04,0.3,4,0,0.21,0.24,0.2,0,2,0.4,3,2,0.03,0.3,0.82
Monterrey,Nuevo Leon,2009,0.99,1,0.45,0.24,2.02,41.33,3.67,1.38,8,96.15,12,17542.15,0.01,1.36,9,0.01,3.16,0.32,0.19,0.01,3,0.74,19,13,0.01,0.37,0.65
Oaxaca,Oaxaca,2009,0.97,0,0.62,0.59,3,80,2.33,0.13,4,89.77,4,21133.64,0.02,0.54,1.18,0.06,0.27,0.11,0.2,0,0,0,10,2,0.01,0.2,0.74
Tehuantepec-Salina Cruz,Oaxaca,2009,0.73,0,0.53,0.42,3,2.06,3.33,1.29,14,66.67,24,41396.19,0,3.34,1,0.01,0.02,0.46,0.19,0,2,0,0,1,0,0.13,0.87
Puebla-Tlaxcala,Puebla,2009,0.96,1,0.66,0.51,2.88,59.57,2.33,0.76,36,87.18,40,16727.15,0.04,1.54,4.46,0.04,0.64,0.45,0.19,0,0,0.59,8,4,0.01,0.19,0.7
Tehuacán,Puebla,2009,0.93,0,0.64,0.48,3,57.15,3.33,0.01,0,75,0,15264.71,0.03,0,4,0.03,0.27,0.57,0.19,0,2,0,0,0,0,0.13,0.86
Querétaro,Queretaro,2009,0.99,0,0.58,0.47,2.02,89.4,1.67,0.54,4,87.5,4,11841.14,0.07,1.31,5,0.01,1.28,0.21,0.21,0,0,0.62,7,16,0.01,0.36,0.74
San Juan del Río,Queretaro,2009,0.98,0,0.68,0.46,2,102.36,3,0.54,1,100,1,16293.84,0.06,1.53,2,0.01,0.7,0.51,0.22,0,2,0.55,0,4,0.07,0.24,0.78
Cancún,Quintana Roo,2009,0.95,1,0.52,0.41,3,161.37,4.67,1.86,4,87.5,4,35230.68,0.01,0.14,4,0,2.15,0.3,0.23,0.01,0,0.98,41,1,0.05,0.27,0.7
Chetumal ,Quintana Roo,2009,0.84,0,0.49,0.44,3.09,253.65,4.33,0.41,3,75,4,103540.65,0.02,0,4,0,0.2,0.25,0.17,0.01,2,0.34,2,2,0,0.39,0.9
Rioverde-Ciudad Fernández,San Luis Potosi,2009,0.76,0,0.64,0.43,3.06,74.26,4.67,0.9,3,75,3,44094.23,0.02,0,1,0,0.22,0.09,0.21,0,2,0.49,0,0,0.05,0.22,0.93
San Luis Potosí-Soledad,San Luis Potosi,2009,0.98,0,0.53,0.4,2.02,93.45,4.33,1.49,4,100,4,21210.52,0.06,1.25,3,0,3.01,0.43,0.19,0.01,0,0.95,13,15,0,0.35,0.77
Los Mochis,Sinaloa,2009,0.95,0,0.38,0.21,3,133.26,4.67,1.6,8,100,13,36630.52,0.01,0.48,0,0,0.92,0.39,0.21,0.01,2,0.15,3,2,0,0.39,0.85
Culiacán,Sinaloa,2009,0.96,1,0.32,0.19,2.44,191.76,4.67,2.35,1,100,1,36614.05,0.01,0.27,1,0.01,1.32,0.32,0.22,0.01,0,0.34,8,2,0.04,0.42,0.81
Mazatlán,Sinaloa,2009,0.97,0,0.43,0.27,3,346.92,4,2.31,2,100,2,31955.91,0.01,1.22,0,0.01,0.78,0.43,0.22,0.01,2,0.37,13,4,0,0.3,0.81
Ciudad Obregón ,Sonora,2009,0.96,0,0.37,0.21,2.02,249.66,2.67,2.17,7,100,10,32598.7,0.01,0.29,1,0,0.23,0.44,0.21,0.01,2,0,5,4,0,0.36,0.85
Guaymas,Sonora,2009,0.87,0,0.35,0.23,2,74.73,3,1.65,15,100,21,44662.6,0.01,1.07,1,0.03,0.02,0.31,0.22,0.01,2,0,1,7,0,0.32,0.83
Hermosillo,Sonora,2009,0.98,0,0.41,0.24,2.08,792.76,4.33,0.32,2,100,2,14460.89,0.01,0.65,1,0.01,0.12,0.39,0.21,0.01,0,0,12,7,0,0.51,0.82
Cárdenas,Tabasco,2009,0.49,0,0.45,0.32,3.78,90.87,4,1.16,11,75,13,1056.47,0,0.84,2,0,0.23,0.15,0.12,0,2,0.37,0,0,0.13,0.15,0.82
Villahermosa,Tabasco,2009,0.93,0,0.29,0.26,4,100.46,4,0.49,17,75,21,13470.85,0.01,0.64,2.5,0.01,0.18,0.12,0.17,0,0,0.79,15,3,0.07,0.25,0.71
Tampico-Pánuco,Tamaulipas,2009,0.91,0,0.35,0.27,3.67,97.1,4.33,1.62,26,85,40,24727.8,0.01,0.86,1.2,0,0.79,0.48,0.2,0,0,0.79,11,6,0.01,0.24,0.77
Matamoros,Tamaulipas,2009,0.92,0,0.39,0.2,3,100.39,3.67,0.33,2,100,4,50685.73,0.01,3.03,1,0,0.97,0.72,0.24,0,2,0.77,4,0,0.02,0.41,0.78
Nuevo Laredo,Tamaulipas,2009,1,0,0.5,0.27,3.12,95.45,4,0.55,1,100,2,46852.17,0.03,0.23,1,0,1.12,0.61,0.23,0,2,0.68,3,5,0.01,0.52,0.82
Reynosa-Río Bravo,Tamaulipas,2009,0.96,0,0.36,0.21,3,86.54,3.67,1.01,4,100,8,30791.1,0.01,6.76,1,0,1.19,0.48,0.26,0.01,0,0.54,6,2,0,0.35,0.77
Ciudad Victoria,Tamaulipas,2009,0.97,0,0.43,0.21,2.17,28.48,4.33,2.26,0,100,0,46368.77,0.01,0,1,0.01,1.12,0.39,0.16,0.01,2,0.68,2,2,0,0.49,0.86
Tlaxcala-Apizaco,Tlaxcala,2009,0.98,0,0.6,0.53,3,80.61,2.33,0.98,23,90.79,23,27407.21,0.06,3.07,2.11,0,0.35,0.89,0.21,0,2,0.71,0,0,0.01,0.17,0.79
Veracruz,Veracruz,2009,0.95,0,0.51,0.39,3,106.18,3.67,2.04,30,90,45,33633,0.01,1.35,1.2,0,0.47,0.13,0.26,0.02,0,0.85,17,1,0,0.24,0.73
Córdoba,Veracruz,2009,0.96,0,0.59,0.5,2.89,23.87,3.67,0.61,7,81.25,9,13556.29,0.02,0.6,1,0,0.21,0.31,0.15,0,2,0.91,0,0,0.07,0.17,0.81
Orizaba,Veracruz,2009,0.91,0,0.62,0.59,2.31,112.33,3.33,3.64,33,72.92,38,17536.16,0.02,1.28,1.08,0,0.3,0.28,0.14,0,2,0.86,0,5,0.02,0.13,0.8
Xalapa,Veracruz,2009,0.98,0,0.5,0.5,3.05,95.92,4,1.2,32,89.29,42,21192.38,0.01,0.18,1.29,0,0.63,0.26,0.18,0,0,0.94,2,0,0.04,0.22,0.75
Poza Rica,Veracruz,2009,0.75,0,0.58,0.42,3,75.1,4.33,0.06,28,65,32,28379.94,0.01,7.23,1.2,0.04,0.12,0.01,0.12,0,0,0.92,5,0,0.06,0.17,0.8
Coatzacoalcos,Veracruz,2009,0.98,0,0.38,0.32,3.02,9.86,3.67,0.5,21,91.67,24,13970.96,0.01,0.85,1,0,0.2,0.05,0.2,0,2,0.99,0,0,0.05,0.17,0.76
Mérida,Yucatan,2009,0.93,1,0.68,0.68,3,181.24,4.67,0.09,5,90,5,14606.07,0.01,0.36,0.4,0,5.12,0.32,0.21,0.01,0,0.49,16,2,0.07,0.37,0.72
Zacatecas-Guadalupe,Zacatecas,2009,0.99,0,0.52,0.41,2,93.91,3,0.43,6,100,8,32382.2,0.18,0.46,3,0,1.9,0.21,0.21,0.01,2,0.76,7,1,0.04,0.4,0.84
Aguascalientes,Aguascalientes,2010,1,1,0.65,0.5,2,107.88,3.33,2.77,2,100,7,13202.62,0.16,1.06,2,0.01,4.8,0.35,0.2,0,1,0.66,13,9,0.01,0.35,0.81
Ensenada,Baja California,2010,0.92,0,0.49,0.27,2.11,112.06,3,1.23,0,100,2,30926.04,0.04,0.53,4,0.02,0.94,0.36,0.23,0,2,0.43,0,5,0,0.42,0.83
Mexicali,Baja California,2010,0.97,0,0.42,0.18,2.02,34.7,2.67,3.68,1,100,2,47047.9,0.01,1.19,6,0,1.78,0.4,0.23,0.01,1,0.29,4,7,0.02,0.57,0.81
Tijuana,Baja California,2010,0.97,0,0.44,0.24,2.13,53.96,3,1.44,6,100,6,22367.2,0.04,0.95,6,0,1.16,0.24,0.24,0,0,0.46,9,10,0.02,0.4,0.73
La Paz,Baja California Sur,2010,0.97,0,0.36,0.21,2.08,85.32,2,1.78,4,100,7,42624.48,0.02,0.89,1,0.01,0.29,0.12,0.2,0.02,2,0.41,7,2,0.67,0.56,0.85
Los Cabos,Baja California Sur,2010,0.94,0,0.41,0.24,2.01,93.98,3,1.47,0,100,4,35619,0.03,1.14,0,0,0.85,0.43,0.27,0.02,2,0.39,22,2,0,0.39,0.79
Campeche,Campeche,2010,0.93,0,0.59,0.4,3,340.34,4.67,0.25,0,100,2,27013.17,0,0,1,0,0.22,0.77,0.16,0.01,2,0.81,4,3,0,0.34,0.76
Ciudad del Carmen,Campeche,2010,0.89,0,0.41,0.34,3.01,112.83,4.67,0.1,2,75,2,14823.2,0.02,8.48,0,0.01,0.27,0.9,0.18,0.01,2,0.67,6,3,0,0.31,0.84
Saltillo,Coahuila,2010,0.97,0,0.54,0.32,2.03,4.8,4,2.64,4,91.67,11,10473.09,0.02,1.06,3,0,3.81,0.49,0.18,0,0,0.39,6,0,0,0.36,0.76
Monclova-Frontera,Coahuila,2010,0.99,0,0.4,0.21,2.16,152.28,4.33,1.45,3,100,6,33476.08,0.01,1.24,3,0.01,2.24,0.98,0.12,0,2,0.56,0,0,0,0.41,0.85
La Laguna,Coahuila,2010,0.93,0,0.64,0.44,2,115.34,4.33,1.91,1,100,3,13377.87,0.01,1.62,5.5,0,2.61,0.64,0.22,0,0,0.53,10,3,0.01,0.32,0.83
Piedras Negras,Coahuila,2010,0.99,0,0.41,0.21,3,77.78,3.67,2.1,0,100,6,22126.31,0.01,1.85,3,0,1.54,0.48,0.21,0,2,0.65,3,0,0.02,0.42,0.84
Tecomán,Colima,2010,0.94,0,0.42,0.19,3,131.52,3.67,2.08,0,75,3,39384.33,0,1.57,1,0,0.49,0.88,0.17,0.01,2,0.68,0,0,0.02,0.23,0.87
Colima-Villa de Álvarez,Colima,2010,0.99,0,0.62,0.36,2.48,189.04,4.33,2.14,0,95,0,37484.98,0.05,0.89,1.4,0,2.56,0.47,0.22,0.01,2,0.53,4,3,0.05,0.41,0.86
Manzanillo,Colima,2010,0.95,0,0.47,0.28,2.89,13.04,4.33,1.99,1,100,0,52896.01,0.01,2.7,1,0.01,0.4,0.49,0.25,0.02,2,0.68,10,3,0,0.29,0.82
Tuxtla Gutiérrez,Chiapas,2010,0.96,0,0.46,0.41,3.43,92.52,3.33,0.96,0,75,2,25468.23,0.01,0.87,2.67,0.05,1.19,0.3,0.16,0,0,0.51,9,3,0,0.21,0.73
Tapachula,Chiapas,2010,0.74,0,0.56,0.42,3,55.95,3.33,0.07,0,75,3,31515.11,0,0.75,2,0.02,0.09,0.26,0.17,0.01,2,0.39,2,3,0.02,0.14,0.85
Chihuahua,Chihuahua,2010,0.99,0,0.5,0.24,2.25,205.48,3.33,2.68,2,100,5,22977.57,0.02,1.5,2.33,0.01,2.18,0.27,0.21,0.01,2,0.69,15,6,0.04,0.51,0.79
Juárez,Chihuahua,2010,1,1,0.44,0.23,2.09,99.36,3,2.29,2,100,3,26400.91,0.02,4.23,3,0.01,2.01,0.74,0.25,0,1,0.46,6,6,0,0.39,0.73
Valle de México,Ciudad de México,2010,0.99,1,0.47,0.64,2.05,99.52,2,0.32,23,94.08,23,5747.69,0.03,1.12,11.96,0.01,1.43,0.41,0.14,0,3,0.61,28,33,0.12,0.19,0.59
Durango,Durango,2010,0.97,1,0.48,0.35,2.28,114.49,3.33,3.75,0,100,4,25420.48,0.1,1.66,4,0,1.75,0.36,0.18,0.02,0,0.43,7,2,0.01,0.32,0.84
Celaya,Guanajuato,2010,0.98,0,0.6,0.36,2,92.95,1.67,0.02,0,91.67,2,29902.26,0.08,0.71,7.33,0.03,0.55,0.27,0.2,0.01,0,0.39,0,5,0,0.26,0.81
Guanajuato,Guanajuato,2010,0.88,0,0.56,0.37,2,133.55,2.67,0.82,0,100,0,49349.03,0.05,1.61,10,0,0.44,0.75,0.17,0.01,2,0.59,0,4,0,0.16,0.74
Irapuato,Guanajuato,2010,0.95,0,0.62,0.42,2,103.93,2.67,2.08,4,100,0,25455.51,0.06,0.63,11,0,0.04,0.65,0.17,0.01,0,0.34,0,2,0,0.26,0.8
León,Guanajuato,2010,0.99,0,0.64,0.5,2,151.83,2,1.05,10,75,4,16817.9,0.08,0.06,11,0.04,1.15,0.35,0.17,0.01,3,0.37,15,7,0,0.28,0.74
La Piedad-Pénjamo,Guanajuato,2010,0.91,0,0.6,0.39,2,51.97,3.33,0.85,1,87.5,3,24535.81,0.11,0,2.5,0.11,0.34,0.35,0.24,0,2,0.23,0,1,0,0.24,0.86
San Francisco del Rincón,Guanajuato,2010,0.97,0,0.68,0.43,2,62.13,1.67,0,2,100,2,27864.26,0.12,0.63,6.5,0,0.3,0.48,0.2,0.01,2,0.32,0,0,0.01,0.25,0.89
Acapulco,Guerrero,2010,0.8,0,0.52,0.33,3.04,187.31,3.67,2.56,1,62.5,5,44159,0,1.08,3,0.03,0.3,0.37,0.29,0,1,0.33,18,8,0,0.11,0.69
Chilpancingo,Guerrero,2010,0.87,0,0.46,0.33,3.1,37.54,3.33,0.91,0,75,6,26883.61,0.01,0.78,4,0.15,0.07,0.1,0.19,0,2,0.23,0,2,0.01,0.15,0.85
Tula,Hidalgo,2010,0.94,0,0.63,0.45,2.48,85.98,1.67,0,4,100,2,33156.22,0.09,5.54,4,0.01,0.3,0.01,0.23,0,2,0.82,0,4,0,0.21,0.8
Tulancingo,Hidalgo,2010,0.96,0,0.59,0.43,2.22,46.01,3.67,0.08,0,91.67,2,38342.79,0.06,0,2,0.03,0.16,0.47,0.23,0,2,0.38,0,2,0.05,0.19,0.8
Pachuca,Hidalgo,2010,0.96,0,0.51,0.4,2.07,37.01,2.33,0.02,1,100,1,30172.58,0.07,0,4,0.01,1.34,0.13,0.31,0,0,0.45,0,4,0,0.27,0.77
Guadalajara,Jalisco,2010,1,0,0.49,0.4,2.06,34.05,3,0.08,12,96.88,0,14474.67,0.08,1.81,11,0.04,1.47,0.21,0.19,0.01,3,0.86,21,18,0.05,0.29,0.68
Puerto Vallarta,Jalisco,2010,0.99,0,0.46,0.35,3,126.31,3.67,2.92,0,100,1,40288.57,0.01,0,3,0,0.45,0.17,0.29,0.01,2,0.6,20,8,0,0.25,0.78
Toluca,Mexico,2010,0.9,0,0.65,0.59,2,58.79,2.67,0.99,0,90,1,6666.06,0.04,3.35,11,0.01,1.26,0.31,0.17,0.01,0,0.45,7,10,0.03,0.21,0.69
Zamora-Jacona,Michoacan,2010,0.99,0,0.62,0.33,2,36.45,4.33,1.12,0,100,4,19433.1,0.1,0.34,1,0,0.34,0.13,0.22,0.01,2,0,0,1,0,0.26,0.86
Morelia,Michoacan,2010,0.96,0,0.58,0.48,2.12,117.03,3,1.14,6,91.67,3,20532.07,0.13,0.46,2.67,0.01,1.89,0.21,0.27,0,0,0,10,9,0.02,0.27,0.72
Uruapan,Michoacan,2010,0.98,0,0.52,0.36,3.14,86.98,3.67,1.33,2,75,0,23295.38,0.06,0.83,1,0,1.53,0.1,0.16,0,2,0,1,2,0,0.27,0.82
Cuautla,Morelos,2010,0.94,0,0.67,0.45,2,90.13,3,1.77,1,83.33,2,23247.89,0.02,0.49,4,0.18,0.05,0.27,0.3,0,2,0.69,0,1,0,0.17,0.79
Cuernavaca,Morelos,2010,0.96,1,0.68,0.51,2.06,211.11,3,0.56,3,93.75,2,14032.24,0.02,1.56,4.13,0.01,0.73,0.27,0.28,0,0,0.89,0,10,0.04,0.24,0.72
Tepic,Nayarit,2010,0.96,0,0.55,0.31,3,115.36,3.67,2.28,0,100,1,18362.33,0.04,0.29,4,0,0.21,0.24,0.2,0,2,0.29,3,2,0.03,0.3,0.82
Monterrey,Nuevo Leon,2010,0.99,1,0.45,0.24,2.02,40.43,3.67,1.3,13,96.15,35,15699.29,0.01,0.87,9,0,3.16,0.32,0.19,0.01,3,0.74,19,13,0.01,0.37,0.65
Oaxaca,Oaxaca,2010,0.97,0,0.62,0.59,3,78.56,2.33,0.12,3,89.77,26,19922.75,0.02,0.54,1.18,0.06,0.27,0.11,0.2,0,0,0,10,2,0.01,0.2,0.74
Tehuantepec-Salina Cruz,Oaxaca,2010,0.73,0,0.53,0.42,3,2.03,3.33,0.8,3,66.67,17,40426.03,0,14.87,1,0,0.02,0.46,0.19,0,2,0,0,1,0,0.13,0.87
Puebla-Tlaxcala,Puebla,2010,0.96,1,0.66,0.51,2.88,60.72,2.33,0.75,8,87.18,22,14660.8,0.04,1.69,4.46,0.03,0.64,0.45,0.19,0,1,0.59,8,4,0.01,0.19,0.7
Tehuacán,Puebla,2010,0.93,0,0.64,0.48,3,58.7,3.33,0.01,0,75,0,14581.94,0.03,1.05,4,0.08,0.27,0.57,0.19,0,2,0,0,0,0,0.13,0.86
Querétaro,Queretaro,2010,0.99,0,0.58,0.47,2.02,87,1.67,0.9,8,87.5,4,10690.96,0.07,0.92,5,0,1.28,0.21,0.21,0,0,0.36,7,16,0.01,0.36,0.74
San Juan del Río,Queretaro,2010,0.98,0,0.68,0.46,2,99.31,3,1.68,2,100,2,15212.8,0.06,3.85,2,0,0.7,0.51,0.22,0,2,0.33,0,4,0.07,0.24,0.78
Cancún,Quintana Roo,2010,0.95,1,0.52,0.41,3,156.78,4.67,1.8,4,87.5,0,33645.72,0.01,0.28,4,0,2.15,0.3,0.23,0.01,1,0.98,41,1,0.05,0.27,0.7
Chetumal ,Quintana Roo,2010,0.84,0,0.49,0.44,3.09,248.28,4.33,0.4,0,75,1,98132.33,0.02,0.49,4,0,0.2,0.25,0.17,0.01,2,0.34,2,2,0,0.39,0.9
Rioverde-Ciudad Fernández,San Luis Potosi,2010,0.76,0,0.64,0.43,3.06,73.38,4.67,0.89,0,75,0,40562.96,0.02,0.99,1,0,0.22,0.09,0.21,0,2,0.49,0,0,0.05,0.22,0.93
San Luis Potosí-Soledad,San Luis Potosi,2010,0.98,0,0.53,0.4,2.02,92.06,4.33,1.46,0,100,1,18564.79,0.06,1.14,3,0,3.01,0.43,0.19,0.01,0,0.95,13,15,0,0.35,0.77
Los Mochis,Sinaloa,2010,0.95,0,0.38,0.21,3,131.42,4.67,1.86,1,100,6,34662.17,0.01,1.28,0,0,0.92,0.39,0.21,0.01,2,0.15,3,2,0,0.39,0.85
Culiacán,Sinaloa,2010,0.96,1,0.32,0.19,2.44,189.21,4.67,2.38,2,100,0,34568.13,0.01,0.62,1,0,1.32,0.32,0.22,0.01,0,0.35,8,2,0.04,0.42,0.81
Mazatlán,Sinaloa,2010,0.97,0,0.43,0.27,3,341.28,4,2.28,0,100,2,30209.45,0.01,0.62,0,0,0.78,0.43,0.22,0.01,2,0.38,13,4,0,0.3,0.81
Ciudad Obregón ,Sonora,2010,0.96,0,0.37,0.21,2.02,245.43,2.67,2.44,0,100,5,31017.27,0.01,0.71,1,0.02,0.23,0.44,0.21,0.01,2,0,5,4,0,0.36,0.85
Guaymas,Sonora,2010,0.87,0,0.35,0.23,2,73.3,3,1.45,2,100,14,39938.11,0.01,1.07,1,0,0.02,0.31,0.22,0.01,2,0,1,7,0,0.32,0.83
Hermosillo,Sonora,2010,0.98,0,0.41,0.24,2.08,775.33,4.33,0.29,4,100,0,12649.8,0.01,0.28,1,0,0.12,0.39,0.21,0.01,0,0,12,7,0,0.51,0.82
Cárdenas,Tabasco,2010,0.49,0,0.45,0.32,3.78,88.86,4,1.13,1,75,4,990.37,0,5.82,2,0,0.23,0.15,0.12,0,2,0.75,0,0,0.13,0.15,0.82
Villahermosa,Tabasco,2010,0.93,0,0.29,0.26,4,97.3,4,0.67,2,75,8,13125.48,0.01,2.57,2.5,0,0.18,0.12,0.17,0,1,0.71,15,3,0.07,0.25,0.71
Tampico-Pánuco,Tamaulipas,2010,0.91,0,0.35,0.27,3.67,95.7,4.33,2.53,7,85,24,23755.45,0.01,1.31,1.2,0.01,0.79,0.48,0.2,0,0,0.81,11,6,0.01,0.24,0.77
Matamoros,Tamaulipas,2010,0.92,0,0.39,0.2,3,99.25,3.67,0.79,2,100,6,44848.99,0.01,0.51,1,0.02,0.97,0.72,0.24,0,2,0.78,4,0,0.02,0.41,0.78
Nuevo Laredo,Tamaulipas,2010,1,0,0.5,0.27,3.12,94,4,2.8,0,100,3,41396.04,0.03,0.23,1,0,1.12,0.61,0.23,0,2,0.68,3,5,0.01,0.52,0.82
Reynosa-Río Bravo,Tamaulipas,2010,0.96,0,0.36,0.21,3,84.19,3.67,0.3,9,100,11,28055.86,0.01,2.7,1,0.3,1.19,0.48,0.26,0.01,0,0.58,6,2,0,0.35,0.77
Ciudad Victoria,Tamaulipas,2010,0.97,0,0.43,0.21,2.17,27.95,4.33,2.21,3,100,3,44043.86,0.01,0,1,0,1.12,0.39,0.16,0.01,2,0.71,2,2,0,0.49,0.86
Tlaxcala-Apizaco,Tlaxcala,2010,0.98,0,0.6,0.53,3,89.48,2.33,0.97,0,90.79,4,25605.71,0.06,11.3,2.11,0,0.35,0.89,0.21,0,2,0.71,0,0,0.01,0.17,0.79
Veracruz,Veracruz,2010,0.95,0,0.51,0.39,3,104.62,3.67,2.37,4,90,32,29418.89,0.01,1.17,1.2,0,0.47,0.13,0.26,0.02,1,0.85,17,1,0,0.24,0.73
Córdoba,Veracruz,2010,0.96,0,0.59,0.5,2.89,23.52,3.67,0.06,1,81.25,10,12837.01,0.02,0.3,1,0.01,0.21,0.31,0.15,0,2,0.91,0,0,0.07,0.17,0.81
Orizaba,Veracruz,2010,0.91,0,0.62,0.59,2.31,110.93,3.33,3.93,2,72.92,41,16614.67,0.02,1.59,1.08,0,0.3,0.28,0.14,0,2,0.88,0,5,0.02,0.13,0.8
Xalapa,Veracruz,2010,0.98,0,0.5,0.5,3.05,46.44,4,1.74,1,89.29,23,20142.13,0.01,0.75,1.29,0.04,0.63,0.26,0.18,0,0,0.94,2,0,0.04,0.22,0.75
Poza Rica,Veracruz,2010,0.75,0,0.58,0.42,3,74.13,4.33,0.06,18,65,20,27241.63,0.01,0.87,1.2,0.02,0.12,0.01,0.12,0,0,0.86,5,0,0.06,0.17,0.8
Coatzacoalcos,Veracruz,2010,0.98,0,0.38,0.32,3.02,9.71,3.67,0.5,3,91.67,19,13694.46,0.01,2.19,1,0,0.2,0.05,0.2,0,2,0.85,0,0,0.05,0.17,0.76
Mérida,Yucatan,2010,0.93,1,0.68,0.68,3,178.21,4.67,0.15,1,90,3,13893.96,0.01,0.7,0.4,0,5.12,0.32,0.21,0.01,1,0.5,16,2,0.07,0.37,0.72
Zacatecas-Guadalupe,Zacatecas,2010,0.99,0,0.52,0.41,2,91.46,3,0.46,2,100,10,30259.69,0.18,0.93,3,0,1.9,0.21,0.21,0.01,2,0.81,7,1,0.04,0.4,0.84
Aguascalientes,Aguascalientes,2011,1,1,0.65,0.5,2,105.64,3.33,4.1,2,100,6,12233.29,0.16,0.88,2,0.01,4.8,0.35,0.2,0,1,0.66,13,9,0.01,0.35,0.81
Ensenada,Baja California,2011,0.92,0,0.49,0.27,2.11,111.14,3.33,1.86,0,100,2,29153.86,0.04,0.53,4,0.02,0.94,0.36,0.23,0,2,0,0,5,0,0.42,0.83
Mexicali,Baja California,2011,0.97,0,0.42,0.18,2.02,34.33,3,3.16,10,100,2,43895.81,0.01,1.17,6,0,1.78,0.4,0.23,0.01,2,0,4,7,0.02,0.57,0.81
Tijuana,Baja California,2011,0.97,0,0.44,0.24,2.13,53.42,3,2.09,10,100,3,20943.49,0.04,0.78,6,0,1.16,0.24,0.24,0,1,0,9,10,0.02,0.4,0.73
La Paz,Baja California Sur,2011,0.97,0,0.36,0.21,2.08,83.98,2,1.92,3,100,5,40277.88,0.02,1.12,1,0.01,0.29,0.12,0.2,0.02,2,0.41,7,2,0.67,0.56,0.85
Los Cabos,Baja California Sur,2011,0.94,0,0.41,0.24,2.01,90.52,2,1.92,1,100,4,34200.72,0.03,0.89,0,0,0.85,0.43,0.27,0.02,2,0.39,22,2,0,0.39,0.79
Campeche,Campeche,2011,0.93,0,0.59,0.4,3,334.37,3,0.48,0,100,2,25651.07,0,0,1,0,0.22,0.77,0.16,0.01,2,0.81,4,3,0,0.34,0.76
Ciudad del Carmen,Campeche,2011,0.89,0,0.41,0.34,3.01,110.87,4.67,0.19,1,75,1,14185.64,0.02,9.91,0,0.01,0.27,0.9,0.18,0.01,2,0.67,6,3,0,0.31,0.84
Saltillo,Coahuila,2011,0.97,0,0.54,0.32,2.03,4.66,4.33,1.85,2,91.67,20,9651.3,0.02,1.39,3,0,3.81,0.49,0.18,0,1,0.5,6,0,0,0.36,0.76
Monclova-Frontera,Coahuila,2011,0.99,0,0.4,0.21,2.16,150.18,4.67,1.9,1,100,13,30568.75,0.01,0.25,3,0.01,2.24,0.98,0.12,0,2,1,0,0,0,0.41,0.85
La Laguna,Coahuila,2011,0.93,0,0.64,0.44,2,114.06,4.33,2.53,8,100,13,12489.54,0.01,1.47,5.5,0,2.61,0.64,0.22,0,1,0.89,10,3,0.01,0.32,0.83
Piedras Negras,Coahuila,2011,0.99,0,0.41,0.21,3,76.66,4,1.96,3,100,8,20781.89,0.01,0.46,3,0,1.54,0.48,0.21,0,2,1,3,0,0.02,0.42,0.84
Tecomán,Colima,2011,0.94,0,0.42,0.19,3,133.35,4,2.48,0,75,7,38108.53,0,3.11,1,0,0.49,0.88,0.17,0.01,2,0.68,0,0,0.02,0.23,0.87
Colima-Villa de Álvarez,Colima,2011,0.99,0,0.62,0.36,2.48,186.78,4,2.89,0,95,15,35530.83,0.05,0.88,1.4,0,2.56,0.47,0.22,0.01,2,0.54,4,3,0.05,0.41,0.86
Manzanillo,Colima,2011,0.95,0,0.47,0.28,2.89,11.95,4,2.29,0,100,3,50576.64,0.01,1.73,1,0.01,0.4,0.49,0.25,0.02,2,0.68,10,3,0,0.29,0.82
Tuxtla Gutiérrez,Chiapas,2011,0.96,0,0.46,0.41,3.43,90.82,3,1.17,1,75,4,23987.1,0.01,0.35,2.67,0.05,1.19,0.3,0.16,0,0,0.51,9,3,0,0.21,0.73
Tapachula,Chiapas,2011,0.74,0,0.56,0.42,3,55.49,4,0.77,0,75,5,29603.15,0,0.75,2,0.02,0.09,0.26,0.17,0.01,2,0.39,2,3,0.02,0.14,0.85
Chihuahua,Chihuahua,2011,0.99,0,0.5,0.24,2.25,202.47,3.67,4.38,8,100,9,21567.44,0.02,2.43,2.33,0.01,2.18,0.27,0.21,0.01,2,0.73,15,6,0.04,0.51,0.79
Juárez,Chihuahua,2011,1,1,0.44,0.23,2.09,98.5,3.33,2.76,3,100,5,24538.17,0.02,3.23,3,0.01,2.01,0.74,0.25,0,1,0.43,6,6,0,0.39,0.73
Valle de México,Ciudad de México,2011,0.99,1,0.47,0.64,2.05,99.05,2.33,0.59,28,94.08,32,5442.05,0.03,0.25,11.96,0.01,1.43,0.41,0.14,0,3,0.6,28,33,0.12,0.19,0.59
Durango,Durango,2011,0.97,1,0.48,0.35,2.28,111.83,3,4.51,0,100,7,24103.63,0.1,1.13,4,0,1.75,0.36,0.18,0.02,1,0.45,7,2,0.01,0.32,0.84
Celaya,Guanajuato,2011,0.98,0,0.6,0.36,2,91.94,1.33,0.03,2,91.67,4,28065.01,0.08,0.35,7.33,0.03,0.55,0.27,0.2,0.01,0,0.39,0,5,0,0.26,0.81
Guanajuato,Guanajuato,2011,0.88,0,0.56,0.37,2,131.68,1.67,0.57,0,100,1,46265.85,0.05,0,10,0,0.44,0.75,0.17,0.01,2,0.59,0,4,0,0.16,0.74
Irapuato,Guanajuato,2011,0.95,0,0.62,0.42,2,102.5,2.33,0.93,2,100,1,24357.93,0.06,0.42,11,0,0.04,0.65,0.17,0.01,0,0.36,0,2,0,0.26,0.8
León,Guanajuato,2011,0.99,0,0.64,0.5,2,149.04,1.33,1.65,5,75,6,15733.31,0.08,0.31,11,0.04,1.15,0.35,0.17,0.01,3,0.37,15,7,0,0.28,0.74
La Piedad-Pénjamo,Guanajuato,2011,0.91,0,0.6,0.39,2,51.71,3,1.07,0,87.5,5,23467.79,0.11,0,2.5,0.11,0.34,0.35,0.24,0,2,0.29,0,1,0,0.24,0.86
San Francisco del Rincón,Guanajuato,2011,0.97,0,0.68,0.43,2,61.04,1.67,0.05,0,100,4,27023.3,0.12,0,6.5,0,0.3,0.48,0.2,0.01,2,0.33,0,0,0.01,0.25,0.89
Acapulco,Guerrero,2011,0.8,0,0.52,0.33,3.04,186.3,3,2.65,4,62.5,5,41910.57,0,0.8,3,0.03,0.3,0.37,0.29,0,2,0.17,18,8,0,0.11,0.69
Chilpancingo,Guerrero,2011,0.87,0,0.46,0.33,3.1,36.63,3,1.01,0,75,8,25342.65,0.01,0,4,0.15,0.07,0.1,0.19,0,2,0.23,0,2,0.01,0.15,0.85
Tula,Hidalgo,2011,0.94,0,0.63,0.45,2.48,84.46,2.33,0,4,100,0,32407.68,0.09,4.66,4,0.01,0.3,0.01,0.23,0,2,0.82,0,4,0,0.21,0.8
Tulancingo,Hidalgo,2011,0.96,0,0.59,0.43,2.22,45.39,3,0.1,2,91.67,3,36364.42,0.06,0,2,0.03,0.16,0.47,0.23,0,2,0.4,0,2,0.05,0.19,0.8
Pachuca,Hidalgo,2011,0.96,0,0.51,0.4,2.07,39.09,1.67,0.01,3,100,7,28644.89,0.07,0.62,4,0.01,1.34,0.13,0.31,0,1,0.46,0,4,0,0.27,0.77
Guadalajara,Jalisco,2011,1,0,0.49,0.4,2.06,33.37,3,0.64,7,96.88,2,13742.38,0.08,1.96,11,0.04,1.47,0.21,0.19,0.01,3,0.78,21,18,0.05,0.29,0.68
Puerto Vallarta,Jalisco,2011,0.99,0,0.46,0.35,3,126.33,4,4.12,0,100,2,38572.84,0.01,0.38,3,0,0.45,0.17,0.29,0.01,2,0.61,20,8,0,0.25,0.78
Toluca,Mexico,2011,0.9,0,0.65,0.59,2,57.89,3,1.31,0,90,1,6339.62,0.04,2.39,11,0.01,1.26,0.31,0.17,0.01,1,0.45,7,10,0.03,0.21,0.69
Zamora-Jacona,Michoacan,2011,0.99,0,0.62,0.33,2,42,4,1.3,0,100,5,18547.34,0.1,0.33,1,0,0.34,0.13,0.22,0.01,2,0.84,0,1,0,0.26,0.86
Morelia,Michoacan,2011,0.96,0,0.58,0.48,2.12,114.62,3,1.43,5,91.67,5,19508.57,0.13,0.22,2.67,0.01,1.89,0.21,0.27,0,0,0.66,10,9,0.02,0.27,0.72
Uruapan,Michoacan,2011,0.98,0,0.52,0.36,3.14,87.66,4.67,1.32,0,75,0,22014.39,0.06,0.82,1,0,1.53,0.1,0.16,0,2,0.81,1,2,0,0.27,0.82
Cuautla,Morelos,2011,0.94,0,0.67,0.45,2,95.09,2.67,2.08,0,83.33,2,22003.45,0.02,0,4,0.18,0.05,0.27,0.3,0,2,0.69,0,1,0,0.17,0.79
Cuernavaca,Morelos,2011,0.96,1,0.68,0.51,2.06,212.98,2.67,1.59,3,93.75,2,13268.33,0.02,1.67,4.13,0.01,0.73,0.27,0.28,0,0,0.89,0,10,0.04,0.24,0.72
Tepic,Nayarit,2011,0.96,0,0.55,0.31,3,113.42,4,2.39,1,100,1,17458.4,0.04,0.46,4,0,0.21,0.24,0.2,0,2,0.28,3,2,0.03,0.3,0.82
Monterrey,Nuevo Leon,2011,0.99,1,0.45,0.24,2.02,39.81,4.33,2.03,15,96.15,45,14742.22,0.01,0.6,9,0,3.16,0.32,0.19,0.01,3,1.58,19,13,0.01,0.37,0.65
Oaxaca,Oaxaca,2011,0.97,0,0.62,0.59,3,77.57,2,1.08,2,89.77,49,18833.37,0.02,0.18,1.18,0.06,0.27,0.11,0.2,0,1,0,10,2,0.01,0.2,0.74
Tehuantepec-Salina Cruz,Oaxaca,2011,0.73,0,0.53,0.42,3,2.01,3,1.41,4,66.67,12,39681.65,0,4.47,1,0,0.02,0.46,0.19,0,2,0,0,1,0,0.13,0.87
Puebla-Tlaxcala,Puebla,2011,0.96,1,0.66,0.51,2.88,69.05,2.33,0.98,10,87.18,27,13702.69,0.04,2.17,4.46,0.03,0.64,0.45,0.19,0,2,0.55,8,4,0.01,0.19,0.7
Tehuacán,Puebla,2011,0.93,0,0.64,0.48,3,56.98,1.67,0,0,75,0,13961.56,0.03,0.52,4,0.08,0.27,0.57,0.19,0,2,0,0,0,0,0.13,0.86
Querétaro,Queretaro,2011,0.99,0,0.58,0.47,2.02,86.38,1,1.48,5,87.5,4,10093.81,0.07,1.25,5,0,1.28,0.21,0.21,0,1,0.67,7,16,0.01,0.36,0.74
San Juan del Río,Queretaro,2011,0.98,0,0.68,0.46,2,97.8,3,1.93,6,100,2,14637.62,0.06,2.84,2,0,0.7,0.51,0.22,0,2,0.56,0,4,0.07,0.24,0.78
Cancún,Quintana Roo,2011,0.95,1,0.52,0.41,3,153.09,3,2.09,0,87.5,0,32130.94,0.01,0.44,4,0,2.15,0.3,0.23,0.01,1,1.53,41,1,0.05,0.27,0.7
Chetumal ,Quintana Roo,2011,0.84,0,0.49,0.44,3.09,253.1,4,0.74,0,75,0,93311.47,0.02,1.49,4,0,0.2,0.25,0.17,0.01,2,0.34,2,2,0,0.39,0.9
Rioverde-Ciudad Fernández,San Luis Potosi,2011,0.76,0,0.64,0.43,3.06,73.04,4,1.1,0,75,3,37806.72,0.02,1.01,1,0,0.22,0.09,0.21,0,2,0.49,0,0,0.05,0.22,0.93
San Luis Potosí-Soledad,San Luis Potosi,2011,0.98,0,0.53,0.4,2.02,92.52,4.33,1.8,4,100,4,17364.88,0.06,0.9,3,0,3.01,0.43,0.19,0.01,1,0.93,13,15,0,0.35,0.77
Los Mochis,Sinaloa,2011,0.95,0,0.38,0.21,3,129.44,4,2.42,5,100,3,32922.82,0.01,1.3,0,0,0.92,0.39,0.21,0.01,2,0.15,3,2,0,0.39,0.85
Culiacán,Sinaloa,2011,0.96,1,0.32,0.19,2.44,187.22,3.67,2.75,2,100,2,32778.68,0.01,0.44,1,0,1.32,0.32,0.22,0.01,1,0.36,8,2,0.04,0.42,0.81
Mazatlán,Sinaloa,2011,0.97,0,0.43,0.27,3,332.09,3.33,2.04,4,100,6,28924.81,0.01,2.05,0,0,0.78,0.43,0.22,0.01,2,0.38,13,4,0,0.3,0.81
Ciudad Obregón ,Sonora,2011,0.96,0,0.37,0.21,2.02,242.68,4.33,3.96,2,100,4,29760.64,0.01,0.42,1,0.02,0.23,0.44,0.21,0.01,2,1,5,4,0,0.36,0.85
Guaymas,Sonora,2011,0.87,0,0.35,0.23,2,72.55,4.33,0.94,2,100,10,37525.18,0.01,2.56,1,0,0.02,0.31,0.22,0.01,2,1,1,7,0,0.32,0.83
Hermosillo,Sonora,2011,0.98,0,0.41,0.24,2.08,769.4,3.67,0.46,1,100,2,11801.29,0.01,0.82,1,0,0.12,0.39,0.21,0.01,1,1,12,7,0,0.51,0.82
Cárdenas,Tabasco,2011,0.49,0,0.45,0.32,3.78,88.45,4,1.51,2,75,5,936.97,0,0.89,2,0,0.23,0.15,0.12,0,2,0.75,0,0,0.13,0.15,0.82
Villahermosa,Tabasco,2011,0.93,0,0.29,0.26,4,95.66,4,1.02,2,75,10,12756.37,0.01,0.95,2.5,0,0.18,0.12,0.17,0,1,0.7,15,3,0.07,0.25,0.71
Tampico-Pánuco,Tamaulipas,2011,0.91,0,0.35,0.27,3.67,95.38,4.33,2.85,5,85,21,23070.64,0.01,1.59,1.2,0.01,0.79,0.48,0.2,0,1,0.81,11,6,0.01,0.24,0.77
Matamoros,Tamaulipas,2011,0.92,0,0.39,0.2,3,98.02,3.33,0.88,4,100,5,42001.75,0.01,1.84,1,0.02,0.97,0.72,0.24,0,2,0.78,4,0,0.02,0.41,0.78
Nuevo Laredo,Tamaulipas,2011,1,0,0.5,0.27,3.12,93.27,3.67,4.1,1,100,3,38614.83,0.03,0.95,1,0,1.12,0.61,0.23,0,2,0.68,3,5,0.01,0.52,0.82
Reynosa-Río Bravo,Tamaulipas,2011,0.96,0,0.36,0.21,3,83.17,3.33,1.99,6,100,9,26671.38,0.01,3.69,1,0.3,1.19,0.48,0.26,0.01,1,0.58,6,2,0,0.35,0.77
Ciudad Victoria,Tamaulipas,2011,0.97,0,0.43,0.21,2.17,27.54,4.67,3.83,1,100,4,41689.46,0.01,0.25,1,0,1.12,0.39,0.16,0.01,2,0.72,2,2,0,0.49,0.86
Tlaxcala-Apizaco,Tlaxcala,2011,0.98,0,0.6,0.53,3,86.73,2.33,1.59,4,90.79,15,24503.37,0.06,3.67,2.11,0,0.35,0.89,0.21,0,0,0.68,0,0,0.01,0.17,0.79
Veracruz,Veracruz,2011,0.95,0,0.51,0.39,3,102.69,2.67,3.89,1,90,22,27346.75,0.01,0.58,1.2,0,0.47,0.13,0.26,0.02,1,0.85,17,1,0,0.24,0.73
Córdoba,Veracruz,2011,0.96,0,0.59,0.5,2.89,23.08,2.67,0.15,1,81.25,8,12310.29,0.02,0.31,1,0.01,0.21,0.31,0.15,0,2,0.91,0,0,0.07,0.17,0.81
Orizaba,Veracruz,2011,0.91,0,0.62,0.59,2.31,109.59,2.67,2.9,5,72.92,41,16040.38,0.02,0.31,1.08,0,0.3,0.28,0.14,0,2,0.85,0,5,0.02,0.13,0.8
Xalapa,Veracruz,2011,0.98,0,0.5,0.5,3.05,45.75,4,1.46,0,89.29,32,19101.7,0.01,0.18,1.29,0.04,0.63,0.26,0.18,0,0,0.94,2,0,0.04,0.22,0.75
Poza Rica,Veracruz,2011,0.75,0,0.58,0.42,3,73.45,4,0.14,18,65,26,25929.87,0.01,6.73,1.2,0.02,0.12,0.01,0.12,0,0,0.86,5,0,0.06,0.17,0.8
Coatzacoalcos,Veracruz,2011,0.98,0,0.38,0.32,3.02,9.61,3,1.06,3,91.67,23,13479.88,0.01,0.54,1,0,0.2,0.05,0.2,0,2,0.85,0,0,0.05,0.17,0.76
Mérida,Yucatan,2011,0.93,1,0.68,0.68,3,175.2,3,0.49,5,90,3,13241.94,0.01,0.56,0.4,0,5.12,0.32,0.21,0.01,1,0.49,16,2,0.07,0.37,0.72
Zacatecas-Guadalupe,Zacatecas,2011,0.99,0,0.52,0.41,2,89.45,2.67,1.24,1,100,18,28433.05,0.18,0.69,3,0,1.9,0.21,0.21,0.01,2,0.77,7,1,0.04,0.4,0.84
Aguascalientes,Aguascalientes,2012,1,1,0.65,0.5,2,103.7,3,4.01,2,100,6,11542.03,0.16,0.94,2,0,4.8,0.35,0.2,0,1,0.68,13,9,0.01,0.35,0.81
Ensenada,Baja California,2012,0.92,0,0.49,0.27,2.11,91.26,2.67,1.85,0,100,2,27835.95,0.04,0.35,4,0.04,0.94,0.36,0.23,0,2,0.46,0,5,0,0.42,0.83
Mexicali,Baja California,2012,0.97,0,0.42,0.18,2.02,33.96,2.67,3.13,6,100,2,42121.74,0.01,1.66,6,0,1.78,0.4,0.23,0.01,2,0.84,4,7,0.02,0.57,0.81
Tijuana,Baja California,2012,0.97,0,0.44,0.24,2.13,52.89,2.33,2.05,17,100,3,19746.99,0.04,1.44,6,0.01,1.16,0.24,0.24,0,2,0.47,9,10,0.02,0.4,0.73
La Paz,Baja California Sur,2012,0.97,0,0.36,0.21,2.08,82.9,4,1.89,1,100,6,38670.01,0.02,0.88,1,0.01,0.29,0.12,0.2,0.02,2,0.44,7,2,0.67,0.56,0.85
Los Cabos,Baja California Sur,2012,0.94,0,0.41,0.24,2.01,87.14,4.33,2.14,1,100,5,32669.99,0.03,0.86,0,0,0.85,0.43,0.27,0.02,2,0.42,22,2,0,0.39,0.79
Campeche,Campeche,2012,0.93,0,0.59,0.4,3,329.2,4.33,0.51,1,100,2,24674.66,0,0.32,1,0,0.22,0.77,0.16,0.01,2,0.85,4,3,0,0.34,0.76
Ciudad del Carmen,Campeche,2012,0.89,0,0.41,0.34,3.01,108.33,4,0.19,3,75,3,13638.02,0.02,29.06,0,0.01,0.27,0.9,0.18,0.01,2,0.66,6,3,0,0.31,0.84
Saltillo,Coahuila,2012,0.97,0,0.54,0.32,2.03,5.71,3,1.81,5,91.67,20,9053.55,0.02,0.8,3,0,3.81,0.49,0.18,0,1,0.42,6,0,0,0.36,0.76
Monclova-Frontera,Coahuila,2012,0.99,0,0.4,0.21,2.16,148.1,3.67,1.87,1,100,13,28566.12,0.01,0.49,3,0,2.24,0.98,0.12,0,2,0.29,0,0,0,0.41,0.85
La Laguna,Coahuila,2012,0.93,0,0.64,0.44,2,112.83,4.33,2.4,4,100,15,11850.8,0.01,1.56,5.5,0,2.61,0.64,0.22,0,1,0.62,10,3,0.01,0.32,0.83
Piedras Negras,Coahuila,2012,0.99,0,0.41,0.21,3,75.56,5,1.94,0,100,8,19799.97,0.01,1.85,3,0,1.54,0.48,0.21,0,2,0.65,3,0,0.02,0.42,0.84
Tecomán,Colima,2012,0.94,0,0.42,0.19,3,131.29,4,2.37,0,75,6,36977.61,0,1.56,1,0,0.49,0.88,0.17,0.01,2,0.43,0,0,0.02,0.23,0.87
Colima-Villa de Álvarez,Colima,2012,0.99,0,0.62,0.36,2.48,187.41,4,2.85,1,95,15,33931.26,0.05,0,1.4,0,2.56,0.47,0.22,0.01,2,0.49,4,3,0.05,0.41,0.86
Manzanillo,Colima,2012,0.95,0,0.47,0.28,2.89,17.72,3.67,2.95,1,100,3,48525.56,0.01,2.53,1,0,0.4,0.49,0.25,0.02,2,0.46,10,3,0,0.29,0.82
Tuxtla Gutiérrez,Chiapas,2012,0.96,0,0.46,0.41,3.43,89.67,3.33,1.15,3,75,4,22816.41,0.01,0.53,2.67,0.06,1.19,0.3,0.16,0,0,0.54,9,3,0,0.21,0.73
Tapachula,Chiapas,2012,0.74,0,0.56,0.42,3,54.58,3.67,0.76,0,75,5,28398.06,0,0.38,2,0,0.09,0.26,0.17,0.01,2,0.39,2,3,0.02,0.14,0.85
Chihuahua,Chihuahua,2012,0.99,0,0.5,0.24,2.25,199.71,3.33,4.33,5,100,12,20235.75,0.02,1.46,2.33,0.01,2.18,0.27,0.21,0.01,2,0.73,15,6,0.04,0.51,0.79
Juárez,Chihuahua,2012,1,1,0.44,0.23,2.09,97.65,4,2.77,9,100,6,23180.69,0.02,4.17,3,0.03,2.01,0.74,0.25,0,1,0.43,6,6,0,0.39,0.73
Valle de México,Ciudad de México,2012,0.99,1,0.47,0.64,2.05,98.36,2.67,0.57,42,94.08,27,5128.5,0.03,0.52,11.96,0.01,1.43,0.41,0.14,0,3,0.62,28,33,0.12,0.19,0.59
Durango,Durango,2012,0.97,1,0.48,0.35,2.28,110.57,3.33,4.57,2,100,7,23133.57,0.1,1.26,4,0,1.75,0.36,0.18,0.02,1,0.57,7,2,0.01,0.32,0.84
Celaya,Guanajuato,2012,0.98,0,0.6,0.36,2,91.62,2.67,0.03,7,91.67,2,26730.91,0.08,0.34,7.33,0,0.55,0.27,0.2,0.01,0,0.39,0,5,0,0.26,0.81
Guanajuato,Guanajuato,2012,0.88,0,0.56,0.37,2,129.84,2.33,1.36,2,100,1,44167.34,0.05,0,10,0,0.44,0.75,0.17,0.01,2,0.59,0,4,0,0.16,0.74
Irapuato,Guanajuato,2012,0.95,0,0.62,0.42,2,102.61,2.33,2.2,2,100,1,23541.76,0.06,1.65,11,0.02,0.04,0.65,0.17,0.01,0,0.36,0,2,0,0.26,0.8
León,Guanajuato,2012,0.99,0,0.64,0.5,2,146.37,2.33,1.61,3,75,2,14911.55,0.08,0.24,11,0.02,1.15,0.35,0.17,0.01,3,0.37,15,7,0,0.28,0.74
La Piedad-Pénjamo,Guanajuato,2012,0.91,0,0.6,0.39,2,51.52,2.67,0.24,0,87.5,2,22697.88,0.11,0,2.5,0,0.34,0.35,0.24,0,2,0.29,0,1,0,0.24,0.86
San Francisco del Rincón,Guanajuato,2012,0.97,0,0.68,0.43,2,62.8,2,1.38,0,100,2,26292.28,0.12,0,6.5,0.01,0.3,0.48,0.2,0.01,2,0.33,0,0,0.01,0.25,0.89
Acapulco,Guerrero,2012,0.8,0,0.52,0.33,3.04,202.39,3.33,2.68,1,62.5,7,39658.35,0,0.64,3,0.01,0.3,0.37,0.29,0,2,0.31,18,8,0,0.11,0.69
Chilpancingo,Guerrero,2012,0.87,0,0.46,0.33,3.1,35.75,3.67,0.98,0,75,8,24371.01,0.01,0,4,0.06,0.07,0.1,0.19,0,2,0.54,0,2,0.01,0.15,0.85
Tula,Hidalgo,2012,0.94,0,0.63,0.45,2.48,85.05,4.67,0,4,100,0,31561.95,0.09,2.32,4,0.01,0.3,0.01,0.23,0,2,0.79,0,4,0,0.21,0.8
Tulancingo,Hidalgo,2012,0.96,0,0.59,0.43,2.22,44.76,3,0.1,1,91.67,3,35066.05,0.06,0,2,0.02,0.16,0.47,0.23,0,2,0.43,0,2,0.05,0.19,0.8
Pachuca,Hidalgo,2012,0.96,0,0.51,0.4,2.07,42.36,2.67,0.01,3,100,7,27252.7,0.07,0,4,0,1.34,0.13,0.31,0,2,0.48,0,4,0,0.27,0.77
Guadalajara,Jalisco,2012,1,0,0.49,0.4,2.06,33.08,3,0.63,12,96.88,2,13135.5,0.08,0.97,11,0.01,1.47,0.21,0.19,0.01,3,0.6,21,18,0.05,0.29,0.68
Puerto Vallarta,Jalisco,2012,0.99,0,0.46,0.35,3,125.39,4.33,4.01,1,100,2,36822.31,0.01,0,3,0,0.45,0.17,0.29,0.01,2,0.61,20,8,0,0.25,0.78
Toluca,Mexico,2012,0.9,0,0.65,0.59,2,59.26,2.67,1.27,5,90,1,6080.95,0.04,3.31,11,0,1.26,0.31,0.17,0.01,1,0.53,7,10,0.03,0.21,0.69
Zamora-Jacona,Michoacan,2012,0.99,0,0.62,0.33,2,45.12,3,1.04,0,100,4,17937.46,0.1,0.33,1,0,0.34,0.13,0.22,0.01,2,0.85,0,1,0,0.26,0.86
Morelia,Michoacan,2012,0.96,0,0.58,0.48,2.12,112.73,2.67,1.4,2,91.67,3,18557.12,0.13,1,2.67,0.02,1.89,0.21,0.27,0,0,0.66,10,9,0.02,0.27,0.72
Uruapan,Michoacan,2012,0.98,0,0.52,0.36,3.14,87.87,3.33,1.3,0,75,0,21163.42,0.06,1.35,1,0,1.53,0.1,0.16,0,2,0.81,1,2,0,0.27,0.82
Cuautla,Morelos,2012,0.94,0,0.67,0.45,2,89.9,3,2.17,2,83.33,2,21058.98,0.02,1.85,4,0.05,0.05,0.27,0.3,0,2,0.68,0,1,0,0.17,0.79
Cuernavaca,Morelos,2012,0.96,1,0.68,0.51,2.06,221.76,3,1.63,1,93.75,2,12630.58,0.02,1.4,4.13,0.01,0.73,0.27,0.28,0,0,0.89,0,10,0.04,0.24,0.72
Tepic,Nayarit,2012,0.96,0,0.55,0.31,3,122.73,3.33,3.11,0,100,0,16679.3,0.04,0.31,4,0,0.21,0.24,0.2,0,2,0.27,3,2,0.03,0.3,0.82
Monterrey,Nuevo Leon,2012,0.99,1,0.45,0.24,2.02,39.17,3.33,1.99,17,96.15,45,13971.99,0.01,1.52,9,0,3.16,0.32,0.19,0.01,3,0.72,19,13,0.01,0.37,0.65
Oaxaca,Oaxaca,2012,0.97,0,0.62,0.59,3,76.85,2.67,1.03,1,89.77,54,17829.88,0.02,0.36,1.18,0.09,0.27,0.11,0.2,0,1,0,10,2,0.01,0.2,0.74
Tehuantepec-Salina Cruz,Oaxaca,2012,0.73,0,0.53,0.42,3,1.98,3.33,1.48,8,66.67,17,38706.29,0,0,1,0.03,0.02,0.46,0.19,0,2,0,0,1,0,0.13,0.87
Puebla-Tlaxcala,Puebla,2012,0.96,1,0.66,0.51,2.88,68.17,2.33,1,5,87.18,14,12943.07,0.04,2.16,4.46,0.05,0.64,0.45,0.19,0,2,0.59,8,4,0.01,0.19,0.7
Tehuacán,Puebla,2012,0.93,0,0.64,0.48,3,62.32,3,0,0,75,0,13528.27,0.03,0.52,4,0.16,0.27,0.57,0.19,0,2,0,0,0,0,0.13,0.86
Querétaro,Queretaro,2012,0.99,0,0.58,0.47,2.02,87.44,2.33,1.44,7,87.5,0,9601.64,0.07,0.94,5,0,1.28,0.21,0.21,0,1,0.7,7,16,0.01,0.36,0.74
San Juan del Río,Queretaro,2012,0.98,0,0.68,0.46,2,96.54,2.33,1.91,3,100,1,14134.9,0.06,2.76,2,0,0.7,0.51,0.22,0,2,0.71,0,4,0.07,0.24,0.78
Cancún,Quintana Roo,2012,0.95,1,0.52,0.41,3,149.48,4.33,2.04,1,87.5,0,30750.3,0.01,0.16,4,0,2.15,0.3,0.23,0.01,1,0.98,41,1,0.05,0.27,0.7
Chetumal ,Quintana Roo,2012,0.84,0,0.49,0.44,3.09,257.57,4.33,0.12,0,75,2,89881.88,0.02,0,4,0,0.2,0.25,0.17,0.01,2,0.37,2,2,0,0.39,0.9
Rioverde-Ciudad Fernández,San Luis Potosi,2012,0.76,0,0.64,0.43,3.06,74.43,4.33,1.09,0,75,3,36186.41,0.02,0,1,0,0.22,0.09,0.21,0,2,0.46,0,0,0.05,0.22,0.93
San Luis Potosí-Soledad,San Luis Potosi,2012,0.98,0,0.53,0.4,2.02,91.63,3.67,1.77,2,100,3,16460.73,0.06,0.52,3,0.01,3.01,0.43,0.19,0.01,1,0.96,13,15,0,0.35,0.77
Los Mochis,Sinaloa,2012,0.95,0,0.38,0.21,3,127.48,4.33,2.47,0,100,2,31164.66,0.01,0.8,0,0,0.92,0.39,0.21,0.01,2,0.15,3,2,0,0.39,0.85
Culiacán,Sinaloa,2012,0.96,1,0.32,0.19,2.44,185.25,4.33,2.75,8,100,2,31248.66,0.01,0.77,1,0.01,1.32,0.32,0.22,0.01,1,0.39,8,2,0.04,0.42,0.81
Mazatlán,Sinaloa,2012,0.97,0,0.43,0.27,3,323.15,4,2.85,5,100,4,27746.05,0.01,0.63,0,0,0.78,0.43,0.22,0.01,2,0.42,13,4,0,0.3,0.81
Ciudad Obregón ,Sonora,2012,0.96,0,0.37,0.21,2.02,239.96,4,3.94,5,100,2,28709.73,0.01,0.7,1,0.01,0.23,0.44,0.21,0.01,2,0,5,4,0,0.36,0.85
Guaymas,Sonora,2012,0.87,0,0.35,0.23,2,71.83,3.67,3.27,10,100,4,35625.07,0.01,1.84,1,0.16,0.02,0.31,0.22,0.01,2,0,1,7,0,0.32,0.83
Hermosillo,Sonora,2012,0.98,0,0.41,0.24,2.08,289.99,4.33,0.45,23,100,2,11154.53,0.01,0.54,1,0,0.12,0.39,0.21,0.01,1,0,12,7,0,0.51,0.82
Cárdenas,Tabasco,2012,0.49,0,0.45,0.32,3.78,87.75,4,1.5,4,75,4,901.63,0,3.52,2,0.01,0.23,0.15,0.12,0,2,0.71,0,0,0.13,0.15,0.82
Villahermosa,Tabasco,2012,0.93,0,0.29,0.26,4,94.04,4,1,6,75,10,12403.15,0.01,1.74,2.5,0,0.18,0.12,0.17,0,1,0.67,15,3,0.07,0.25,0.71
Tampico-Pánuco,Tamaulipas,2012,0.91,0,0.35,0.27,3.67,94.16,3.67,2.91,18,85,21,22380.86,0.01,2.37,1.2,0,0.79,0.48,0.2,0,1,0.82,11,6,0.01,0.24,0.77
Matamoros,Tamaulipas,2012,0.92,0,0.39,0.2,3,96.81,3.67,0.87,3,100,5,39934.16,0.01,2.87,1,0,0.97,0.72,0.24,0,0,0.79,4,0,0.02,0.41,0.78
Nuevo Laredo,Tamaulipas,2012,1,0,0.5,0.27,3.12,92.54,4,4.07,0,100,3,36659.67,0.03,0.48,1,0,1.12,0.61,0.23,0,2,0.68,3,5,0.01,0.52,0.82
Reynosa-Río Bravo,Tamaulipas,2012,0.96,0,0.36,0.21,3,82.16,3.67,1.97,8,100,9,25549.51,0.01,3.09,1,0,1.19,0.48,0.26,0.01,1,0.62,6,2,0,0.35,0.77
Ciudad Victoria,Tamaulipas,2012,0.97,0,0.43,0.21,2.17,27.15,4.67,3.77,1,100,4,38655.58,0.01,0,1,0,1.12,0.39,0.16,0.01,2,0.72,2,2,0,0.49,0.86
Tlaxcala-Apizaco,Tlaxcala,2012,0.98,0,0.6,0.53,3,85.45,2.33,1.28,2,90.79,11,23613.92,0.06,7.16,2.11,0,0.35,0.89,0.21,0,0,0.75,0,0,0.01,0.17,0.79
Veracruz,Veracruz,2012,0.95,0,0.51,0.39,3,103.74,3,3.82,4,90,21,25907.59,0.01,0.96,1.2,0.01,0.47,0.13,0.26,0.02,1,0.86,17,1,0,0.24,0.73
Córdoba,Veracruz,2012,0.96,0,0.59,0.5,2.89,22.65,2.67,0.15,1,81.25,12,11891.46,0.02,0,1,0,0.21,0.31,0.15,0,2,0.87,0,0,0.07,0.17,0.81
Orizaba,Veracruz,2012,0.91,0,0.62,0.59,2.31,108.27,2.33,2.86,4,72.92,52,15534.74,0.02,2.51,1.08,0.01,0.3,0.28,0.14,0,2,0.83,0,5,0.02,0.13,0.8
Xalapa,Veracruz,2012,0.98,0,0.5,0.5,3.05,45.06,2.67,2.17,3,89.29,49,17951.32,0.01,0.18,1.29,0,0.63,0.26,0.18,0,0,0.94,2,0,0.04,0.22,0.75
Poza Rica,Veracruz,2012,0.75,0,0.58,0.42,3,72.76,3,0.14,39,65,30,25048.9,0.01,2.58,1.2,0.05,0.12,0.01,0.12,0,0,0.86,5,0,0.06,0.17,0.8
Coatzacoalcos,Veracruz,2012,0.98,0,0.38,0.32,3.02,9.52,3.67,1.05,5,91.67,23,13175.87,0.01,1.08,1,0,0.2,0.05,0.2,0,2,0.86,0,0,0.05,0.17,0.76
Mérida,Yucatan,2012,0.93,1,0.68,0.68,3,172.82,4.33,0.48,3,90,0,12629.06,0.01,1.28,0.4,0,5.12,0.32,0.21,0.01,1,0.5,16,2,0.07,0.37,0.72
Zacatecas-Guadalupe,Zacatecas,2012,0.99,0,0.52,0.41,2,88.21,3,1.23,3,100,15,27291.53,0.18,0.9,3,0,1.9,0.21,0.21,0.01,2,0.8,7,1,0.04,0.4,0.84
Aguascalientes,Aguascalientes,2013,1,1,0.65,0.5,2,103.77,2.33,3.8,3,100,6,13711.82,0.16,0.83,2,0,4.8,0.35,0.2,0,1,0.68,7,10,0.01,0.35,0.81
Ensenada,Baja California,2013,0.92,0,0.49,0.27,2.11,119.94,2.67,1.83,5,100,0,27865.07,0.04,0.7,4,0.04,0.94,0.36,0.23,0,2,0.46,0,5,0,0.42,0.83
Mexicali,Baja California,2013,0.97,0,0.42,0.18,2.02,33.6,2.33,3.17,7,100,0,39051.22,0.01,2.08,6,0,1.78,0.4,0.23,0.01,2,0.84,3,7,0.02,0.57,0.81
Tijuana,Baja California,2013,0.97,1,0.44,0.24,2.13,52.37,2.33,2.02,13,100,0,19690.04,0.04,1.04,6,0.01,1.16,0.24,0.24,0,2,0.47,5,9,0.02,0.4,0.73
La Paz,Baja California Sur,2013,0.97,0,0.36,0.21,2.08,81.61,4,1.79,3,100,6,38839.23,0.02,0.22,1,0.01,0.29,0.12,0.2,0.02,2,0.44,7,2,0.67,0.56,0.85
Los Cabos,Baja California Sur,2013,0.94,0,0.41,0.24,2.01,83.93,4,2.62,0,100,7,33133.98,0.03,0.28,0,0,0.85,0.43,0.27,0.02,2,0.42,19,1,0,0.39,0.79
Campeche,Campeche,2013,0.93,0,0.59,0.4,3,324.85,3.33,0.38,1,100,1,25350.14,0,0,1,0,0.22,0.77,0.16,0.01,2,0.85,3,2,0,0.34,0.76
Ciudad del Carmen,Campeche,2013,0.89,0,0.41,0.34,3.01,107.2,3.67,0.17,1,75,2,13708.54,0.02,10.14,0,0.01,0.27,0.9,0.18,0.01,2,0.66,5,3,0,0.31,0.84
Saltillo,Coahuila,2013,0.97,1,0.54,0.32,2.03,64.07,3.33,1.68,4,91.67,13,4334.06,0.02,1.35,3,0,3.81,0.49,0.18,0,1,0.42,1,0,0,0.36,0.76
Monclova-Frontera,Coahuila,2013,0.99,0,0.4,0.21,2.16,146.06,3.67,0.03,2,100,10,28129.53,0.01,0.25,3,0,2.24,0.98,0.12,0,2,0.29,0,0,0,0.41,0.85
La Laguna,Coahuila,2013,0.93,1,0.64,0.44,2,112,2.67,2.43,5,100,19,11749.99,0.01,0.91,5.5,0,2.61,0.64,0.22,0,1,0.62,5,3,0.01,0.32,0.83
Piedras Negras,Coahuila,2013,0.99,0,0.41,0.21,3,74.47,4.67,1.91,0,100,8,20016.09,0.01,0.47,3,0,1.54,0.48,0.21,0,2,0.65,1,0,0.02,0.42,0.84
Tecomán,Colima,2013,0.94,0,0.42,0.19,3,127.41,3.33,2.47,1,75,14,36996.67,0,3.08,1,0,0.49,0.88,0.17,0.01,2,0.43,0,0,0.02,0.23,0.87
Colima-Villa de Álvarez,Colima,2013,0.99,0,0.62,0.36,2.48,185.56,3.33,3.89,5,95,28,35127.37,0.05,1.08,1.4,0,2.56,0.47,0.22,0.01,2,0.49,3,3,0.05,0.41,0.86
Manzanillo,Colima,2013,0.95,0,0.47,0.28,2.89,16.19,3.67,2.77,0,100,7,50395.42,0.01,1.22,1,0,0.4,0.49,0.25,0.02,2,0.46,8,3,0,0.29,0.82
Tuxtla Gutiérrez,Chiapas,2013,0.96,0,0.46,0.41,3.43,88.04,3,1.13,0,75,4,23000.32,0.01,0,2.67,0.06,1.19,0.3,0.16,0,0,0.54,6,3,0,0.21,0.73
Tapachula,Chiapas,2013,0.74,0,0.56,0.42,3,53.68,4.33,0.75,0,75,3,27959.41,0,0,2,0,0.09,0.26,0.17,0.01,2,0.39,1,3,0.02,0.14,0.85
Chihuahua,Chihuahua,2013,0.99,0,0.5,0.24,2.25,201.86,3,4.27,5,100,19,20324.96,0.02,1.17,2.33,0.01,2.18,0.27,0.21,0.01,3,0.73,9,6,0.04,0.51,0.79
Juárez,Chihuahua,2013,1,1,0.44,0.23,2.09,96.81,3,3.11,4,100,9,23262.1,0.02,2.61,3,0.03,2.01,0.74,0.25,0,2,0.43,5,6,0,0.39,0.73
Valle de México,Ciudad de México,2013,0.99,1,0.47,0.64,2.05,97.69,2.33,0.59,104,94.08,28,5977.95,0.03,0.25,11.96,0.01,1.43,0.41,0.14,0,3,0.62,26,38,0.12,0.19,0.59
Durango,Durango,2013,0.97,1,0.48,0.35,2.28,107.98,2.67,4.46,0,100,8,21872.3,0.1,0.62,4,0,1.75,0.36,0.18,0.02,1,0.57,5,2,0.01,0.32,0.84
Celaya,Guanajuato,2013,0.98,0,0.6,0.36,2,93.42,2.67,1.24,10,91.67,5,17314.94,0.08,0.34,7.33,0,0.55,0.27,0.2,0.01,0,0.39,0,5,0,0.26,0.81
Guanajuato,Guanajuato,2013,0.88,0,0.56,0.37,2,128.02,2.67,1.34,14,100,2,45161.24,0.05,0,10,0,0.44,0.75,0.17,0.01,2,0.59,0,4,0,0.16,0.74
Irapuato,Guanajuato,2013,0.95,0,0.62,0.42,2,101.38,2.33,2.16,304,100,2,24361.75,0.06,0.2,11,0.02,0.04,0.65,0.17,0.01,0,0.36,0,2,0,0.26,0.8
León,Guanajuato,2013,0.99,1,0.64,0.5,2,44.32,1.67,1.58,137,75,4,15475.55,0.08,0.18,11,0.02,1.15,0.35,0.17,0.01,3,0.37,11,8,0,0.28,0.74
La Piedad-Pénjamo,Guanajuato,2013,0.91,0,0.6,0.39,2,51.32,1.67,1.08,66,87.5,5,23130,0.11,0,2.5,0,0.34,0.35,0.24,0,2,0.29,0,1,0,0.24,0.86
San Francisco del Rincón,Guanajuato,2013,0.97,0,0.68,0.43,2,305.05,1.33,1.35,0,100,4,26620.56,0.12,0,6.5,0.01,0.3,0.48,0.2,0.01,2,0.33,0,0,0.01,0.25,0.89
Acapulco,Guerrero,2013,0.8,0,0.52,0.33,3.04,201.81,2.67,2.66,4,62.5,16,36930.76,0,0.16,3,0.01,0.3,0.37,0.29,0,2,0.31,7,9,0,0.11,0.69
Chilpancingo,Guerrero,2013,0.87,0,0.46,0.33,3.1,34.89,2.33,0.96,1,75,8,23566.79,0.01,0,4,0.06,0.07,0.1,0.19,0,2,0.54,0,2,0.01,0.15,0.85
Tula,Hidalgo,2013,0.94,0,0.63,0.45,2.48,83.52,2.67,0,23,100,0,26996.5,0.09,2.99,4,0.01,0.3,0.01,0.23,0,2,0.79,0,4,0,0.21,0.8
Tulancingo,Hidalgo,2013,0.96,0,0.59,0.43,2.22,44.15,3,0.05,10,91.67,3,35511.45,0.06,0,2,0.02,0.16,0.47,0.23,0,2,0.43,0,2,0.05,0.19,0.8
Pachuca,Hidalgo,2013,0.96,0,0.51,0.4,2.07,41.65,2.67,0.01,4,100,7,20136.6,0.07,0.19,4,0,1.34,0.13,0.31,0,2,0.48,0,4,0,0.27,0.77
Guadalajara,Jalisco,2013,1,1,0.49,0.4,2.06,32.87,2.67,2.45,17,96.88,4,12933.22,0.08,1.6,11,0.01,1.47,0.21,0.19,0.01,3,0.6,14,20,0.05,0.29,0.68
Puerto Vallarta,Jalisco,2013,0.99,0,0.46,0.35,3,124.81,3.33,4.02,0,100,2,37396.47,0.01,0.19,3,0,0.45,0.17,0.29,0.01,2,0.61,19,5,0,0.25,0.78
Toluca,Mexico,2013,0.9,0,0.65,0.59,2,59.02,2.67,1.26,5,90,1,9352.94,0.04,2.19,11,0,1.26,0.31,0.17,0.01,1,0.53,4,11,0.03,0.21,0.69
Zamora-Jacona,Michoacan,2013,0.99,0,0.62,0.33,2,46.04,2.67,1.31,0,100,2,17949.02,0.1,0.65,1,0,0.34,0.13,0.22,0.01,2,0.85,0,1,0,0.26,0.86
Morelia,Michoacan,2013,0.96,0,0.58,0.48,2.12,111.44,3,1.62,4,91.67,6,18372.78,0.13,0.33,2.67,0.02,1.89,0.21,0.27,0,0,0.66,6,11,0.02,0.27,0.72
Uruapan,Michoacan,2013,0.98,0,0.52,0.36,3.14,86.93,3,1.28,3,75,0,21047.36,0.06,1.35,1,0,1.53,0.1,0.16,0,2,0.81,1,2,0,0.27,0.82
Cuautla,Morelos,2013,0.94,1,0.67,0.45,2,87.03,3.33,1.99,2,83.33,0,22656.46,0.02,0.46,4,0.05,0.05,0.27,0.3,0,2,0.68,0,1,0,0.17,0.79
Cuernavaca,Morelos,2013,0.96,0,0.68,0.51,2.06,209.49,3,1.54,9,93.75,0,12267.1,0.02,1.15,4.13,0.01,0.73,0.27,0.28,0,0,0.89,1,10,0.04,0.24,0.72
Tepic,Nayarit,2013,0.96,0,0.55,0.31,3,119.23,3.33,3.06,2,100,3,17047.93,0.04,0.31,4,0,0.21,0.24,0.2,0,2,0.27,2,2,0.03,0.3,0.82
Monterrey,Nuevo Leon,2013,0.99,1,0.45,0.24,2.02,38.51,3.33,1.96,28,96.15,43,12932.57,0.01,1.3,9,0,3.16,0.32,0.19,0.01,3,0.72,11,4,0.01,0.37,0.65
Oaxaca,Oaxaca,2013,0.97,0,0.62,0.59,3,75.65,2.67,1.32,2,89.77,37,17970.94,0.02,0,1.18,0.09,0.27,0.11,0.2,0,1,0,8,2,0.01,0.2,0.74
Tehuantepec-Salina Cruz,Oaxaca,2013,0.73,0,0.53,0.42,3,1.96,4,0.13,7,66.67,11,33159.67,0,2.07,1,0.03,0.02,0.46,0.19,0,2,0,0,1,0,0.13,0.87
Puebla-Tlaxcala,Puebla,2013,0.96,1,0.66,0.51,2.88,67.16,1.67,1.04,37,87.18,18,12692.84,0.04,2.06,4.46,0.05,0.64,0.45,0.19,0,3,0.59,5,4,0.01,0.19,0.7
Tehuacán,Puebla,2013,0.93,0,0.64,0.48,3,60.49,2.67,0,1,75,0,13638.9,0.03,0.53,4,0.16,0.27,0.57,0.19,0,2,0,0,0,0,0.13,0.86
Querétaro,Queretaro,2013,0.99,1,0.58,0.47,2.02,87.4,2.67,1.49,16,87.5,4,9861.21,0.07,1.91,5,0,1.28,0.21,0.21,0,1,0.7,5,19,0.01,0.36,0.74
San Juan del Río,Queretaro,2013,0.98,0,0.68,0.46,2,95.2,2.33,1.83,14,100,1,14896.72,0.06,3.08,2,0,0.7,0.51,0.22,0,2,0.71,0,5,0.07,0.24,0.78
Cancún,Quintana Roo,2013,0.95,1,0.52,0.41,3,145.96,3.33,1.97,1,87.5,6,32164.05,0.01,0.15,4,0,2.15,0.3,0.23,0.01,1,0.98,36,1,0.05,0.27,0.7
Chetumal ,Quintana Roo,2013,0.84,0,0.49,0.44,3.09,153.43,3.33,0.77,0,75,3,32821.26,0.02,1.04,4,0,0.2,0.25,0.17,0.01,2,0.37,2,2,0,0.39,0.9
Rioverde-Ciudad Fernández,San Luis Potosi,2013,0.76,0,0.64,0.43,3.06,74.05,3.67,1.09,0,75,9,36579.66,0.02,0,1,0,0.22,0.09,0.21,0,2,0.46,0,0,0.05,0.22,0.93
San Luis Potosí-Soledad,San Luis Potosi,2013,0.98,1,0.53,0.4,2.02,91.03,3,1.74,4,100,5,16330.03,0.06,1.17,3,0.01,3.01,0.43,0.19,0.01,1,0.96,7,15,0,0.35,0.77
Los Mochis,Sinaloa,2013,0.95,1,0.38,0.21,3,125.56,3.33,2.44,1,100,4,30905.43,0.01,1.11,0,0,0.92,0.39,0.21,0.01,2,0.15,5,0,0,0.39,0.85
Culiacán,Sinaloa,2013,0.96,1,0.32,0.19,2.44,183.69,3.33,2.73,13,100,5,31265.38,0.01,0.43,1,0.01,1.32,0.32,0.22,0.01,1,0.39,6,2,0.04,0.42,0.81
Mazatlán,Sinaloa,2013,0.97,0,0.43,0.27,3,314.44,3.33,0.04,0,100,5,28302.15,0.01,1.26,0,0,0.78,0.43,0.22,0.01,2,0.42,14,4,0,0.3,0.81
Ciudad Obregón ,Sonora,2013,0.96,0,0.37,0.21,2.02,237.27,3,3.89,2,100,3,28365.04,0.01,0.28,1,0.01,0.23,0.44,0.21,0.01,2,0,4,0,0,0.36,0.85
Guaymas,Sonora,2013,0.87,0,0.35,0.23,2,71.14,3,3.24,4,100,4,35537.29,0.01,1.52,1,0.16,0.02,0.31,0.22,0.01,2,0,1,7,0,0.32,0.83
Hermosillo,Sonora,2013,0.98,1,0.41,0.24,2.08,275.28,3,0.44,12,100,3,11216.92,0.01,0.7,1,0,0.12,0.39,0.21,0.01,1,0,8,8,0,0.51,0.82
Cárdenas,Tabasco,2013,0.49,0,0.45,0.32,3.78,85.43,3.67,1.49,70,75,5,41159.34,0,5.19,2,0.01,0.23,0.15,0.12,0,2,0.71,0,0,0.13,0.15,0.82
Villahermosa,Tabasco,2013,0.93,0,0.29,0.26,4,94.77,3.67,1.86,6,75,10,12043.36,0.01,1.67,2.5,0,0.18,0.12,0.17,0,1,0.67,8,3,0.07,0.25,0.71
Tampico-Pánuco,Tamaulipas,2013,0.91,0,0.35,0.27,3.67,92.95,3.33,2.78,25,85,26,21565.14,0.01,1.6,1.2,0,0.79,0.48,0.2,0,1,0.82,6,6,0.01,0.24,0.77
Matamoros,Tamaulipas,2013,0.92,0,0.39,0.2,3,95.62,3.67,0.86,8,100,3,39378.22,0.01,1.58,1,0,0.97,0.72,0.24,0,0,0.79,2,3,0.02,0.41,0.78
Nuevo Laredo,Tamaulipas,2013,1,1,0.5,0.27,3.12,91.81,4.33,4.04,5,100,2,34628,0.03,0.73,1,0,1.12,0.61,0.23,0,2,0.68,1,5,0.01,0.52,0.82
Reynosa-Río Bravo,Tamaulipas,2013,0.96,0,0.36,0.21,3,81.16,3.67,2,26,100,6,25262.1,0.01,3.12,1,0,1.19,0.48,0.26,0.01,1,0.62,4,2,0,0.35,0.77
Ciudad Victoria,Tamaulipas,2013,0.97,0,0.43,0.21,2.17,70.15,4,3.72,6,100,5,36851.33,0.01,0.25,1,0,1.12,0.39,0.16,0.01,2,0.72,1,2,0,0.49,0.86
Tlaxcala-Apizaco,Tlaxcala,2013,0.98,0,0.6,0.53,3,84.13,1.67,1,1,90.79,13,23550.46,0.06,3.23,2.11,0,0.35,0.89,0.21,0,0,0.75,0,0,0.01,0.17,0.79
Veracruz,Veracruz,2013,0.95,0,0.51,0.39,3,101.8,3.33,3.72,4,90,17,27170.58,0.01,0.67,1.2,0.01,0.47,0.13,0.26,0.02,1,0.86,8,1,0,0.24,0.73
Córdoba,Veracruz,2013,0.96,0,0.59,0.5,2.89,22.22,3.33,0.14,2,81.25,13,11863.42,0.02,0,1,0,0.21,0.31,0.15,0,2,0.87,0,0,0.07,0.17,0.81
Orizaba,Veracruz,2013,0.91,0,0.62,0.59,2.31,106.89,3,2.83,3,72.92,59,14425.82,0.02,0.32,1.08,0.01,0.3,0.28,0.14,0,2,0.83,0,0,0.02,0.13,0.8
Xalapa,Veracruz,2013,0.98,0,0.5,0.5,3.05,44.38,3.33,1.83,4,89.29,57,17638.64,0.01,0,1.29,0,0.63,0.26,0.18,0,0,0.94,1,0,0.04,0.22,0.75
Poza Rica,Veracruz,2013,0.75,1,0.58,0.42,3,72.08,3.33,0.14,17,65,41,24307.36,0.01,1.46,1.2,0.05,0.12,0.01,0.12,0,0,0.86,2,0,0.06,0.17,0.8
Coatzacoalcos,Veracruz,2013,0.98,0,0.38,0.32,3.02,9.42,3,0.76,3,91.67,19,11981.69,0.01,1.92,1,0,0.2,0.05,0.2,0,2,0.86,0,0,0.05,0.17,0.76
Mérida,Yucatan,2013,0.93,1,0.68,0.68,3,170.43,3.33,0.52,2,90,0,12874.87,0.01,0.14,0.4,0,5.12,0.32,0.21,0.01,1,0.5,11,2,0.07,0.37,0.72
Zacatecas-Guadalupe,Zacatecas,2013,0.99,0,0.52,0.41,2,86.26,3,3.02,3,100,13,22400.52,0.18,0.22,3,0,1.9,0.21,0.21,0.01,2,0.8,4,1,0.04,0.4,0.84
Aguascalientes,Aguascalientes,2014,1,1,0.65,0.5,1,101.44,2.67,3.71,3,100,3,8739.18,0.16,1.64,2,0.01,4.8,0.35,0.2,0,1,0.68,7,10,0.01,0.35,0.81
Ensenada,Baja California,2014,0.92,0,0.49,0.27,1.43,118.95,2.67,1.82,5,100,1,27932.63,0.04,0.87,4,0.17,0.94,0.36,0.23,0,2,0.46,0,5,0,0.42,0.83
Mexicali,Baja California,2014,0.97,0,0.42,0.18,1.35,33.24,2.33,3.13,7,100,0,38223.13,0.01,3.91,6,0,1.78,0.4,0.23,0.01,2,0.84,3,7,0.02,0.57,0.81
Tijuana,Baja California,2014,0.97,1,0.44,0.24,1.36,51.85,2,2,13,100,0,19960.27,0.04,1.92,6,0.05,1.16,0.24,0.24,0,2,0.47,5,9,0.02,0.4,0.73
La Paz,Baja California Sur,2014,0.97,0,0.36,0.21,1.94,80.32,3.67,1.76,3,100,14,40309.7,0.02,1.09,1,0.02,0.29,0.12,0.2,0.02,2,0.44,7,2,0.67,0.56,0.85
Los Cabos,Baja California Sur,2014,0.94,0,0.41,0.24,1.39,80.84,3.67,2.53,0,100,12,32151.36,0.03,0.27,0,0.04,0.85,0.43,0.27,0.02,2,0.42,19,1,0,0.39,0.79
Campeche,Campeche,2014,0.93,0,0.59,0.4,3,319.14,3.67,0.37,1,100,1,24052.35,0,0.32,1,0,0.22,0.77,0.16,0.01,2,0.85,3,2,0,0.34,0.76
Ciudad del Carmen,Campeche,2014,0.89,0,0.41,0.34,3.01,104.74,3.67,0.17,1,75,4,14067.62,0.02,17.9,0,0.01,0.27,0.9,0.18,0.01,2,0.66,5,3,0,0.31,0.84
Saltillo,Coahuila,2014,0.97,1,0.54,0.32,1.06,62.6,3.33,1.64,4,91.67,5,9331.08,0.02,2.44,3,0.01,3.81,0.49,0.18,0,1,0.42,1,0,0,0.36,0.76
Monclova-Frontera,Coahuila,2014,0.99,0,0.4,0.21,1.28,144.04,4,0.03,2,100,5,24627.86,0.01,1.47,3,0,2.24,0.98,0.12,0,2,0.29,0,0,0,0.41,0.85
La Laguna,Coahuila,2014,0.93,1,0.64,0.44,1.01,110.79,3.67,2.41,5,100,15,11317.98,0.01,2.44,5.5,0,2.61,0.64,0.22,0,1,0.62,5,3,0.01,0.32,0.83
Piedras Negras,Coahuila,2014,0.99,0,0.41,0.21,3,73.4,4.33,1.88,0,100,8,19730.48,0.01,3.66,3,0,1.54,0.48,0.21,0,2,0.65,1,0,0.02,0.42,0.84
Tecomán,Colima,2014,0.94,0,0.42,0.19,3,125.46,3.67,2.43,1,75,9,33754.48,0,3.9,1,0,0.49,0.88,0.17,0.01,2,0.43,0,0,0.02,0.23,0.87
Colima-Villa de Álvarez,Colima,2014,0.99,0,0.62,0.36,2.48,182.87,3,3.83,5,95,13,35634.99,0.05,1.06,1.4,0,2.56,0.47,0.22,0.01,2,0.49,3,3,0.05,0.41,0.86
Manzanillo,Colima,2014,0.95,0,0.47,0.28,2.89,15.76,3,2.7,0,100,7,50700.33,0.01,3.17,1,0,0.4,0.49,0.25,0.02,2,0.46,8,3,0,0.29,0.82
Tuxtla Gutiérrez,Chiapas,2014,0.96,0,0.46,0.41,3.43,86.4,3.33,1.11,0,75,7,22248.4,0.01,0.34,2.67,0.12,1.19,0.3,0.16,0,0,0.54,6,3,0,0.21,0.73
Tapachula,Chiapas,2014,0.74,0,0.56,0.42,3,52.8,4.33,0.74,0,75,4,27836.39,0,0.79,2,0,0.09,0.26,0.17,0.01,2,0.39,1,3,0.02,0.14,0.85
Chihuahua,Chihuahua,2014,0.99,0,0.5,0.24,1.49,198.87,3.33,4.21,5,100,14,20426.59,0.02,3.13,2.33,0,2.18,0.27,0.21,0.01,3,0.73,9,6,0.04,0.51,0.79
Juárez,Chihuahua,2014,1,1,0.44,0.23,1.22,95.97,2.67,3.08,4,100,8,23037.18,0.02,8.57,3,0.02,2.01,0.74,0.25,0,3,0.43,5,6,0,0.39,0.73
Valle de México,Ciudad de México,2014,0.99,1,0.47,0.64,1.12,96.93,3,0.59,104,94.08,37,5845.07,0.03,0.88,11.96,0.01,1.43,0.41,0.14,0,3,0.62,26,38,0.12,0.19,0.59
Durango,Durango,2014,0.97,1,0.48,0.35,2.23,105.47,3,4.36,0,100,7,21800.01,0.1,1.52,4,0,1.75,0.36,0.18,0.02,1,0.57,5,2,0.01,0.32,0.84
Celaya,Guanajuato,2014,0.98,0,0.6,0.36,1,92.41,3,1.22,10,91.67,3,12078.55,0.08,0.33,7.33,0,0.55,0.27,0.2,0.01,0,0.39,0,5,0,0.26,0.81
Guanajuato,Guanajuato,2014,0.88,0,0.56,0.37,1,126.23,2.67,1.32,14,100,1,26035.95,0.05,0,10,0,0.44,0.75,0.17,0.01,2,0.59,0,4,0,0.16,0.74
Irapuato,Guanajuato,2014,0.95,0,0.62,0.42,1,99.75,2.67,2.13,304,100,1,15955.87,0.06,0.97,11,0.01,0.04,0.65,0.17,0.01,0,0.36,0,2,0,0.26,0.8
León,Guanajuato,2014,0.99,1,0.64,0.5,1.08,43.5,2,1.56,137,75,2,9245.82,0.08,0.23,11,0.02,1.15,0.35,0.17,0.01,3,0.37,11,8,0,0.28,0.74
La Piedad-Pénjamo,Guanajuato,2014,0.91,0,0.6,0.39,1.08,51.13,2.33,1.07,66,87.5,3,18862.77,0.11,0,2.5,0.01,0.34,0.35,0.24,0,2,0.29,0,1,0,0.24,0.86
San Francisco del Rincón,Guanajuato,2014,0.97,0,0.68,0.43,1.28,299.65,1.33,1.33,0,100,2,15277.6,0.12,0,6.5,0,0.3,0.48,0.2,0.01,2,0.33,0,0,0.01,0.25,0.89
Acapulco,Guerrero,2014,0.8,0,0.52,0.33,3.04,200.73,2.33,2.65,4,62.5,22,37675.64,0,0.32,3,0.03,0.3,0.37,0.29,0,2,0.31,7,9,0,0.11,0.69
Chilpancingo,Guerrero,2014,0.87,0,0.46,0.33,3.1,34.05,2.33,0.94,1,75,8,23009.19,0.01,0,4,0.09,0.07,0.1,0.19,0,2,0.54,0,2,0.01,0.15,0.85
Tula,Hidalgo,2014,0.94,0,0.63,0.45,1.96,82.01,3,0,23,100,0,28145.55,0.09,4.28,4,0,0.3,0.01,0.23,0,2,0.79,0,4,0,0.21,0.8
Tulancingo,Hidalgo,2014,0.96,0,0.59,0.43,1.39,43.55,3,0.05,10,91.67,2,30802.7,0.06,0,2,0.01,0.16,0.47,0.23,0,2,0.43,0,2,0.05,0.19,0.8
Pachuca,Hidalgo,2014,0.96,0,0.51,0.4,1.13,40.95,3,0.01,4,100,2,19772.48,0.07,0.19,4,0.01,1.34,0.13,0.31,0,2,0.48,0,4,0,0.27,0.77
Guadalajara,Jalisco,2014,1,1,0.49,0.4,1.22,32.35,3,2.41,17,96.88,8,12731.73,0.08,1.98,11,0.01,1.47,0.21,0.19,0.01,3,0.6,14,20,0.05,0.29,0.68
Puerto Vallarta,Jalisco,2014,0.99,0,0.46,0.35,3,121.98,3.33,3.92,0,100,1,37775.18,0.01,0.18,3,0,0.45,0.17,0.29,0.01,2,0.61,19,5,0,0.25,0.78
Toluca,Mexico,2014,0.9,0,0.65,0.59,1.06,57.98,2.67,1.24,5,90,7,9509.18,0.04,4.51,11,0.01,1.26,0.31,0.17,0.01,1,0.53,4,11,0.03,0.21,0.69
Zamora-Jacona,Michoacan,2014,0.99,0,0.62,0.33,2,45.48,2.67,1.29,0,100,2,17933.34,0.1,0.97,1,0,0.34,0.13,0.22,0.01,2,0.85,0,1,0,0.26,0.86
Morelia,Michoacan,2014,0.96,0,0.58,0.48,1.23,109.33,3,1.59,4,91.67,7,18067.29,0.13,0.98,2.67,0.01,1.89,0.21,0.27,0,0,0.66,6,11,0.02,0.27,0.72
Uruapan,Michoacan,2014,0.98,0,0.52,0.36,3.14,85.9,3.67,1.27,3,75,0,22856.26,0.06,1.32,1,0,1.53,0.1,0.16,0,2,0.81,1,2,0,0.27,0.82
Cuautla,Morelos,2014,0.94,1,0.67,0.45,2,85.46,3.33,1.96,2,83.33,1,22258.73,0.02,2.28,4,0.02,0.05,0.27,0.3,0,2,0.68,0,1,0,0.17,0.79
Cuernavaca,Morelos,2014,0.96,0,0.68,0.51,1.65,206.92,3.33,1.52,9,93.75,1,11966.05,0.02,2.82,4.13,0.02,0.73,0.27,0.28,0,0,0.89,1,10,0.04,0.24,0.72
Tepic,Nayarit,2014,0.96,0,0.55,0.31,3,117.04,3.67,3,2,100,3,17196.39,0.04,0.62,4,0,0.21,0.24,0.2,0,2,0.27,2,2,0.03,0.3,0.82
Monterrey,Nuevo Leon,2014,0.99,1,0.45,0.24,1.21,37.81,3.33,1.93,28,96.15,39,12860.12,0.01,1.62,9,0.01,3.16,0.32,0.19,0.01,3,0.72,11,4,0.01,0.37,0.65
Oaxaca,Oaxaca,2014,0.97,0,0.62,0.59,3,74.42,2.67,1.3,2,89.77,14,17678.48,0.02,0.35,1.18,0.08,0.27,0.11,0.2,0,1,0,8,2,0.01,0.2,0.74
Tehuantepec-Salina Cruz,Oaxaca,2014,0.73,0,0.53,0.42,3,1.93,4,0.13,7,66.67,9,28868.91,0,14.6,1,0.02,0.02,0.46,0.19,0,2,0,0,1,0,0.13,0.87
Puebla-Tlaxcala,Puebla,2014,0.96,1,0.66,0.51,2.77,66.13,1.67,1.02,37,87.18,9,12177.16,0.04,2.44,4.46,0.06,0.64,0.45,0.19,0,3,0.59,5,4,0.01,0.19,0.7
Tehuacán,Puebla,2014,0.93,0,0.64,0.48,3,58.71,2.67,0,1,75,0,14127.34,0.03,0.53,4,0.01,0.27,0.57,0.19,0,2,0,0,0,0,0.13,0.86
Querétaro,Queretaro,2014,0.99,1,0.58,0.47,1.06,85.06,2.67,1.45,16,87.5,4,9993.03,0.07,2.85,5,0.04,1.28,0.21,0.21,0,1,0.7,5,19,0.01,0.36,0.74
San Juan del Río,Queretaro,2014,0.98,0,0.68,0.46,1.32,93.22,2.33,1.8,14,100,1,15853.9,0.06,3.78,2,0.01,0.7,0.51,0.22,0,2,0.71,0,5,0.07,0.24,0.78
Cancún,Quintana Roo,2014,0.95,1,0.52,0.41,3,142.52,3.67,1.92,1,87.5,14,32557.3,0.01,0.3,4,0.02,2.15,0.3,0.23,0.01,1,0.98,36,1,0.05,0.27,0.7
Chetumal ,Quintana Roo,2014,0.84,0,0.49,0.44,3.09,156.14,3.67,0.78,0,75,5,31915.45,0.02,0.54,4,0,0.2,0.25,0.17,0.01,2,0.37,2,2,0,0.39,0.9
Rioverde-Ciudad Fernández,San Luis Potosi,2014,0.76,0,0.64,0.43,3.03,73.61,4.33,1.08,0,75,8,34303.86,0.02,0,1,0,0.22,0.09,0.21,0,2,0.46,0,0,0.05,0.22,0.93
San Luis Potosí-Soledad,San Luis Potosi,2014,0.98,1,0.53,0.4,1.38,89.48,3.67,1.71,4,100,3,15828.86,0.06,1.91,3,0,3.01,0.43,0.19,0.01,1,0.96,7,15,0,0.35,0.77
Los Mochis,Sinaloa,2014,0.95,1,0.38,0.21,3,123.66,3.67,2.4,1,100,2,31733.35,0.01,1.84,0,0,0.92,0.39,0.21,0.01,2,0.15,5,0,0,0.39,0.85
Culiacán,Sinaloa,2014,0.96,1,0.32,0.19,2.44,181.75,3.67,2.7,13,100,5,31985.66,0.01,0.59,1,0.01,1.32,0.32,0.22,0.01,1,0.39,6,2,0.04,0.42,0.81
Mazatlán,Sinaloa,2014,0.97,0,0.43,0.27,3,305.98,3.67,0.04,0,100,2,29966.66,0.01,1.23,0,0,0.78,0.43,0.22,0.01,2,0.42,14,4,0,0.3,0.81
Ciudad Obregón ,Sonora,2014,0.96,0,0.37,0.21,2.02,234.61,3,3.85,2,100,1,28884.59,0.01,0.82,1,0,0.23,0.44,0.21,0.01,2,0,4,0,0,0.36,0.85
Guaymas,Sonora,2014,0.87,0,0.35,0.23,1.6,70.41,3,3.2,4,100,2,35910.11,0.01,1.94,1,0,0.02,0.31,0.22,0.01,2,0,1,7,0,0.32,0.83
Hermosillo,Sonora,2014,0.98,1,0.41,0.24,1.32,268.76,3.33,0.43,12,100,3,10876.24,0.01,1.12,1,0,0.12,0.39,0.21,0.01,1,0,8,8,0,0.51,0.82
Cárdenas,Tabasco,2014,0.49,0,0.45,0.32,3.78,84.76,3,1.48,70,75,2,904.93,0,3.43,2,0.01,0.23,0.15,0.12,0,2,0.71,0,0,0.13,0.15,0.82
Villahermosa,Tabasco,2014,0.93,0,0.29,0.26,4,93.15,3.67,1.83,6,75,6,12880.61,0.01,1.92,2.5,0,0.18,0.12,0.17,0,1,0.67,8,3,0.07,0.25,0.71
Tampico-Pánuco,Tamaulipas,2014,0.91,0,0.35,0.27,3.67,91.75,3.67,2.74,25,85,15,21149.07,0.01,2.49,1.2,0.01,0.79,0.48,0.2,0,1,0.82,6,6,0.01,0.24,0.77
Matamoros,Tamaulipas,2014,0.92,0,0.39,0.2,3,94.45,3.33,0.85,8,100,2,38000.14,0.01,1.56,1,0,0.97,0.72,0.24,0,0,0.79,2,3,0.02,0.41,0.78
Nuevo Laredo,Tamaulipas,2014,1,1,0.5,0.27,3.12,91.09,3.67,4,5,100,2,33548.7,0.03,1.69,1,0,1.12,0.61,0.23,0,2,0.68,1,5,0.01,0.52,0.82
Reynosa-Río Bravo,Tamaulipas,2014,0.96,0,0.36,0.21,3,80.17,3.33,1.97,26,100,5,24805.91,0.01,4.39,1,0,1.19,0.48,0.26,0.01,1,0.62,4,2,0,0.35,0.77
Ciudad Victoria,Tamaulipas,2014,0.97,0,0.43,0.21,1.35,69.15,4.67,3.66,6,100,7,35241.34,0.01,0.77,1,0,1.12,0.39,0.16,0.01,2,0.72,1,2,0,0.49,0.86
Tlaxcala-Apizaco,Tlaxcala,2014,0.98,0,0.6,0.53,3,82.81,1.67,0.99,1,90.79,6,23047.75,0.06,7.02,2.11,0,0.35,0.89,0.21,0,0,0.75,0,0,0.01,0.17,0.79
Veracruz,Veracruz,2014,0.95,0,0.51,0.39,3,99.89,3,3.65,4,90,21,26425.89,0.01,1.05,1.2,0,0.47,0.13,0.26,0.02,1,0.86,8,1,0,0.24,0.73
Córdoba,Veracruz,2014,0.96,0,0.59,0.5,2.89,21.8,2.67,0.14,2,81.25,13,11695.51,0.02,0.3,1,0,0.21,0.31,0.15,0,2,0.87,0,0,0.07,0.17,0.81
Orizaba,Veracruz,2014,0.91,0,0.62,0.59,1.79,105.59,2.67,2.79,3,72.92,65,15586.77,0.02,0.65,1.08,0,0.3,0.28,0.14,0,2,0.83,0,0,0.02,0.13,0.8
Xalapa,Veracruz,2014,0.98,0,0.5,0.5,3.05,43.7,3,1.81,4,89.29,42,17287.41,0.01,0.17,1.29,0.02,0.63,0.26,0.18,0,0,0.94,1,0,0.04,0.22,0.75
Poza Rica,Veracruz,2014,0.75,1,0.58,0.42,3,71.41,3,0.14,17,65,38,22413.19,0.01,3.01,1.2,0.27,0.12,0.01,0.12,0,0,0.86,2,0,0.06,0.17,0.8
Coatzacoalcos,Veracruz,2014,0.98,0,0.38,0.32,3.02,9.33,3.33,0.76,3,91.67,18,11145.28,0.01,2.11,1,0,0.2,0.05,0.2,0,2,0.86,0,0,0.05,0.17,0.76
Mérida,Yucatan,2014,0.93,1,0.68,0.68,3,167.57,3.67,0.51,2,90,0,12915.88,0.01,0.84,0.4,0,5.12,0.32,0.21,0.01,1,0.5,11,2,0.07,0.37,0.72
Zacatecas-Guadalupe,Zacatecas,2014,0.99,0,0.52,0.41,1.06,84.34,3,2.95,3,100,10,22079.28,0.18,0.64,3,0,1.9,0.21,0.21,0.01,2,0.8,4,1,0.04,0.4,0.84
